siteid,sitename,plotid,easting,northing,taxonid,scientificname,stemheight
SOAP,Soaproot Saddle,SOAP43,297065,4100725.5,ABCO,Abies concolor,34.5
SOAP,Soaproot Saddle,SOAP43,297069.7,4100722.5,ABCO,Abies concolor,13
SOAP,Soaproot Saddle,SOAP43,297056.1,4100722.2,ABCO,Abies concolor,3.8
SOAP,Soaproot Saddle,SOAP43,297067.2,4100719,ABCO,Abies concolor,0.6
SOAP,Soaproot Saddle,SOAP43,297057.4,4100728.8,ABCO,Abies concolor,3.4
SOAP,Soaproot Saddle,SOAP43,297056.4,4100721.5,ABCO,Abies concolor,3
SOAP,Soaproot Saddle,SOAP331,297055.8,4100607,ABCO,Abies concolor,1.4
SOAP,Soaproot Saddle,SOAP43,297057.1,4100730,ABCO,Abies concolor,3.1
SOAP,Soaproot Saddle,SOAP331,297061.1,4100600.2,ABCO,Abies concolor,0.5
SOAP,Soaproot Saddle,SOAP331,297051.7,4100603.5,ABCO,Abies concolor,5
SOAP,Soaproot Saddle,SOAP331,297058.9,4100595,ABCO,Abies concolor,1.2
SOAP,Soaproot Saddle,SOAP331,297049.9,4100605.5,AMUT,Amelanchier utahensis,2
SOAP,Soaproot Saddle,SOAP331,297044,4100604,AMUT,Amelanchier utahensis,3.2
SOAP,Soaproot Saddle,SOAP139,297058,4100095.5,ARVI4,Arctostaphylos viscida,1.4
SOAP,Soaproot Saddle,SOAP1343,299603.9,4100964.5,ARVI4,Arctostaphylos viscida,1.4
SOAP,Soaproot Saddle,SOAP143,299852.8,4100426,ARVI4,Arctostaphylos viscida,2
SOAP,Soaproot Saddle,SOAP63,299813.7,4101028,ARVI4,Arctostaphylos viscida,1.3
SOAP,Soaproot Saddle,SOAP1563,297710.6,4101224,ARVI4,Arctostaphylos viscida,1.2
SOAP,Soaproot Saddle,SOAP1695,299178,4100962,ARVI4,Arctostaphylos viscida,2
SOAP,Soaproot Saddle,SOAP255,300147.4,4101377.8,ARVI4,Arctostaphylos viscida,2.4
SOAP,Soaproot Saddle,SOAP143,299849.6,4100424.8,ARVI4,Arctostaphylos viscida,0.9
SOAP,Soaproot Saddle,SOAP1695,299177.4,4100959.2,ARVI4,Arctostaphylos viscida,2.6
SOAP,Soaproot Saddle,SOAP1611,297435.7,4100582.2,ARVI4,Arctostaphylos viscida,1.4
SOAP,Soaproot Saddle,SOAP283,297780,4101205.5,ARVI4,Arctostaphylos viscida,2.3
SOAP,Soaproot Saddle,SOAP143,299836.6,4100409.5,ARVI4,Arctostaphylos viscida,1.3
SOAP,Soaproot Saddle,SOAP1695,299176.4,4100957.8,ARVI4,Arctostaphylos viscida,1
SOAP,Soaproot Saddle,SOAP139,297036.6,4100086.8,ARVI4,Arctostaphylos viscida,1.1
SOAP,Soaproot Saddle,SOAP139,297053.3,4100101.2,ARVI4,Arctostaphylos viscida,1.1
SOAP,Soaproot Saddle,SOAP1515,297516,4101247.8,ARVI4,Arctostaphylos viscida,2.3
SOAP,Soaproot Saddle,SOAP1343,299606,4100965.5,ARVI4,Arctostaphylos viscida,0.9
SOAP,Soaproot Saddle,SOAP1695,299175.4,4100962.5,ARVI4,Arctostaphylos viscida,0.9
SOAP,Soaproot Saddle,SOAP143,299839.6,4100420.2,ARVI4,Arctostaphylos viscida,0.8
SOAP,Soaproot Saddle,SOAP143,299850.2,4100426.5,ARVI4,Arctostaphylos viscida,0.9
SOAP,Soaproot Saddle,SOAP1515,297513,4101264.2,ARVI4,Arctostaphylos viscida,2.1
SOAP,Soaproot Saddle,SOAP143,299852.9,4100423,ARVI4,Arctostaphylos viscida,2.7
SOAP,Soaproot Saddle,SOAP139,297036.6,4100085,ARVI4,Arctostaphylos viscida,1.5
SOAP,Soaproot Saddle,SOAP63,299823.2,4101019.5,ARVI4,Arctostaphylos viscida,2.5
SOAP,Soaproot Saddle,SOAP1563,297704.6,4101217,ARVI4,Arctostaphylos viscida,1.9
SOAP,Soaproot Saddle,SOAP1563,297698.6,4101215.5,ARVI4,Arctostaphylos viscida,0.8
SOAP,Soaproot Saddle,SOAP1343,299606.6,4100963,ARVI4,Arctostaphylos viscida,2.4
SOAP,Soaproot Saddle,SOAP1611,297437.6,4100577.5,ARVI4,Arctostaphylos viscida,1.3
SOAP,Soaproot Saddle,SOAP223,299303.3,4101465,ARVI4,Arctostaphylos viscida,1.2
SOAP,Soaproot Saddle,SOAP283,297768.2,4101213,ARVI4,Arctostaphylos viscida,1.8
SOAP,Soaproot Saddle,SOAP139,297048.7,4100102,ARVI4,Arctostaphylos viscida,2.2
SOAP,Soaproot Saddle,SOAP1563,297692.6,4101232,ARVI4,Arctostaphylos viscida,0
SOAP,Soaproot Saddle,SOAP1695,299177.8,4100960,ARVI4,Arctostaphylos viscida,2.3
SOAP,Soaproot Saddle,SOAP223,299295.9,4101475.5,ARVI4,Arctostaphylos viscida,1.5
SOAP,Soaproot Saddle,SOAP143,299834.8,4100412.2,ARVI4,Arctostaphylos viscida,1
SOAP,Soaproot Saddle,SOAP1563,297702.9,4101217,ARVI4,Arctostaphylos viscida,1.7
SOAP,Soaproot Saddle,SOAP143,299838.7,4100410,ARVI4,Arctostaphylos viscida,0.6
SOAP,Soaproot Saddle,SOAP255,300146.1,4101384,ARVI4,Arctostaphylos viscida,1.6
SOAP,Soaproot Saddle,SOAP143,299835.6,4100412,ARVI4,Arctostaphylos viscida,0.9
SOAP,Soaproot Saddle,SOAP255,300152.6,4101374,ARVI4,Arctostaphylos viscida,2.7
SOAP,Soaproot Saddle,SOAP1563,297703.6,4101218,ARVI4,Arctostaphylos viscida,1.5
SOAP,Soaproot Saddle,SOAP255,300145.9,4101377.5,ARVI4,Arctostaphylos viscida,3.7
SOAP,Soaproot Saddle,SOAP139,297045.4,4100094,ARVI4,Arctostaphylos viscida,1.6
SOAP,Soaproot Saddle,SOAP63,299806.6,4101018,ARVI4,Arctostaphylos viscida,2.9
SOAP,Soaproot Saddle,SOAP1695,299178.4,4100955.8,ARVI4,Arctostaphylos viscida,3.5
SOAP,Soaproot Saddle,SOAP1695,299187.7,4100973.2,ARVI4,Arctostaphylos viscida,1.2
SOAP,Soaproot Saddle,SOAP1515,297515.7,4101264.5,ARVI4,Arctostaphylos viscida,1.9
SOAP,Soaproot Saddle,SOAP1563,297702.6,4101218.8,ARVI4,Arctostaphylos viscida,0.5
SOAP,Soaproot Saddle,SOAP1563,297694.4,4101214.5,ARVI4,Arctostaphylos viscida,1.4
SOAP,Soaproot Saddle,SOAP143,299839,4100411,ARVI4,Arctostaphylos viscida,0.8
SOAP,Soaproot Saddle,SOAP1343,299605,4100970,ARVI4,Arctostaphylos viscida,1.9
SOAP,Soaproot Saddle,SOAP1695,299170.9,4100970.5,ARVI4,Arctostaphylos viscida,2
SOAP,Soaproot Saddle,SOAP143,299848.7,4100421.5,ARVI4,Arctostaphylos viscida,1.2
SOAP,Soaproot Saddle,SOAP1611,297440,4100578,ARVI4,Arctostaphylos viscida,1.3
SOAP,Soaproot Saddle,SOAP1563,297707.3,4101219.5,ARVI4,Arctostaphylos viscida,0.5
SOAP,Soaproot Saddle,SOAP1515,297514.3,4101259.8,ARVI4,Arctostaphylos viscida,1.5
SOAP,Soaproot Saddle,SOAP1695,299188.5,4100970.5,ARVI4,Arctostaphylos viscida,4.2
SOAP,Soaproot Saddle,SOAP1563,297696.8,4101231,ARVI4,Arctostaphylos viscida,0.9
SOAP,Soaproot Saddle,SOAP255,300147.6,4101386.5,ARVI4,Arctostaphylos viscida,0.8
SOAP,Soaproot Saddle,SOAP143,299833.8,4100413.5,ARVI4,Arctostaphylos viscida,1.5
SOAP,Soaproot Saddle,SOAP1695,299174.7,4100970.2,ARVI4,Arctostaphylos viscida,2.5
SOAP,Soaproot Saddle,SOAP255,300139.8,4101377.5,ARVI4,Arctostaphylos viscida,1.5
SOAP,Soaproot Saddle,SOAP1695,299169.7,4100968.5,ARVI4,Arctostaphylos viscida,2.8
SOAP,Soaproot Saddle,SOAP1515,297514.5,4101249,ARVI4,Arctostaphylos viscida,1.7
SOAP,Soaproot Saddle,SOAP1515,297508.4,4101260,ARVI4,Arctostaphylos viscida,2
SOAP,Soaproot Saddle,SOAP143,299851.3,4100422.8,ARVI4,Arctostaphylos viscida,2.1
SOAP,Soaproot Saddle,SOAP1695,299176.6,4100955.5,ARVI4,Arctostaphylos viscida,2.7
SOAP,Soaproot Saddle,SOAP139,297046,4100097.2,ARVI4,Arctostaphylos viscida,2.5
SOAP,Soaproot Saddle,SOAP143,299852.1,4100423,ARVI4,Arctostaphylos viscida,2
SOAP,Soaproot Saddle,SOAP1695,299178.7,4100970,ARVI4,Arctostaphylos viscida,2.7
SOAP,Soaproot Saddle,SOAP555,297112.8,4100913,ARVI4,Arctostaphylos viscida,1
SOAP,Soaproot Saddle,SOAP255,300145.3,4101387,ARVI4,Arctostaphylos viscida,3.2
SOAP,Soaproot Saddle,SOAP1695,299173.5,4100967,ARVI4,Arctostaphylos viscida,2.5
SOAP,Soaproot Saddle,SOAP255,300134.4,4101384.8,CADE27,Calocedrus decurrens,1.9
SOAP,Soaproot Saddle,SOAP255,300153.1,4101371,ARVI4,Arctostaphylos viscida,1.1
SOAP,Soaproot Saddle,SOAP1695,299171.1,4100966.8,ARVI4,Arctostaphylos viscida,2
SOAP,Soaproot Saddle,SOAP1695,299170.1,4100967.5,ARVI4,Arctostaphylos viscida,0.6
SOAP,Soaproot Saddle,SOAP1695,299169.7,4100955,ARVI4,Arctostaphylos viscida,2.1
SOAP,Soaproot Saddle,SOAP1611,297438.9,4100579,ARVI4,Arctostaphylos viscida,1.4
SOAP,Soaproot Saddle,SOAP1695,299182.5,4100954.2,ARVI4,Arctostaphylos viscida,2.7
SOAP,Soaproot Saddle,SOAP139,297047.3,4100096.2,ARVI4,Arctostaphylos viscida,1.8
SOAP,Soaproot Saddle,SOAP1695,299187.5,4100972.5,ARVI4,Arctostaphylos viscida,3.8
SOAP,Soaproot Saddle,SOAP223,299303.8,4101468.8,ARVI4,Arctostaphylos viscida,1.6
SOAP,Soaproot Saddle,SOAP139,297036.5,4100090,ARVI4,Arctostaphylos viscida,1.9
SOAP,Soaproot Saddle,SOAP1343,299599.5,4100980.5,ARVI4,Arctostaphylos viscida,2.7
SOAP,Soaproot Saddle,SOAP1563,297696.9,4101219.2,ARVI4,Arctostaphylos viscida,1.2
SOAP,Soaproot Saddle,SOAP223,299301.2,4101476.5,ARVI4,Arctostaphylos viscida,1.3
SOAP,Soaproot Saddle,SOAP1515,297514.5,4101252.2,ARVI4,Arctostaphylos viscida,1.6
SOAP,Soaproot Saddle,SOAP1515,297514,4101249,ARVI4,Arctostaphylos viscida,2.2
SOAP,Soaproot Saddle,SOAP1515,297514.1,4101250,ARVI4,Arctostaphylos viscida,3.4
SOAP,Soaproot Saddle,SOAP283,297772.4,4101207.5,ARVI4,Arctostaphylos viscida,0.6
SOAP,Soaproot Saddle,SOAP143,299836.7,4100409,ARVI4,Arctostaphylos viscida,0.8
SOAP,Soaproot Saddle,SOAP1695,299184.4,4100954.5,ARVI4,Arctostaphylos viscida,2.6
SOAP,Soaproot Saddle,SOAP1695,299178.3,4100957,ARVI4,Arctostaphylos viscida,2.5
SOAP,Soaproot Saddle,SOAP1695,299183.4,4100963.5,ARVI4,Arctostaphylos viscida,1.5
SOAP,Soaproot Saddle,SOAP1343,299598,4100976.8,ARVI4,Arctostaphylos viscida,3.1
SOAP,Soaproot Saddle,SOAP1515,297514.9,4101262,ARVI4,Arctostaphylos viscida,2.4
SOAP,Soaproot Saddle,SOAP139,297037.1,4100087,ARVI4,Arctostaphylos viscida,1.3
SOAP,Soaproot Saddle,SOAP1515,297515.3,4101264.2,ARVI4,Arctostaphylos viscida,1.7
SOAP,Soaproot Saddle,SOAP1515,297517.1,4101265.5,ARVI4,Arctostaphylos viscida,1.7
SOAP,Soaproot Saddle,SOAP143,299837,4100411.5,ARVI4,Arctostaphylos viscida,0.9
SOAP,Soaproot Saddle,SOAP1515,297517.6,4101264.5,ARVI4,Arctostaphylos viscida,1.7
SOAP,Soaproot Saddle,SOAP223,299300.6,4101480,ARVI4,Arctostaphylos viscida,0.5
SOAP,Soaproot Saddle,SOAP1611,297449.9,4100581,ARVI4,Arctostaphylos viscida,0.6
SOAP,Soaproot Saddle,SOAP139,297055.3,4100083,ARVI4,Arctostaphylos viscida,2.8
SOAP,Soaproot Saddle,SOAP1515,297514.4,4101247.8,ARVI4,Arctostaphylos viscida,1.8
SOAP,Soaproot Saddle,SOAP1695,299177.6,4100958.2,ARVI4,Arctostaphylos viscida,1.6
SOAP,Soaproot Saddle,SOAP139,297039.8,4100096.5,ARVI4,Arctostaphylos viscida,1.8
SOAP,Soaproot Saddle,SOAP143,299838.3,4100410.5,ARVI4,Arctostaphylos viscida,0.6
SOAP,Soaproot Saddle,SOAP1563,297692.8,4101222,ARVI4,Arctostaphylos viscida,1.6
SOAP,Soaproot Saddle,SOAP1343,299602.6,4100973,ARVI4,Arctostaphylos viscida,2
SOAP,Soaproot Saddle,SOAP143,299838.3,4100411.2,ARVI4,Arctostaphylos viscida,0.9
SOAP,Soaproot Saddle,SOAP1343,299596.2,4100965.5,ARVI4,Arctostaphylos viscida,2.8
SOAP,Soaproot Saddle,SOAP223,299301.2,4101477.8,ARVI4,Arctostaphylos viscida,1.3
SOAP,Soaproot Saddle,SOAP1695,299169.5,4100973.5,ARVI4,Arctostaphylos viscida,1.8
SOAP,Soaproot Saddle,SOAP1695,299175.9,4100957,ARVI4,Arctostaphylos viscida,1
SOAP,Soaproot Saddle,SOAP1611,297445.9,4100570.8,ARVI4,Arctostaphylos viscida,0.9
SOAP,Soaproot Saddle,SOAP1515,297503.6,4101266,ARVI4,Arctostaphylos viscida,1.4
SOAP,Soaproot Saddle,SOAP283,297767.8,4101213.2,ARVI4,Arctostaphylos viscida,1.8
SOAP,Soaproot Saddle,SOAP1515,297516,4101261,ARVI4,Arctostaphylos viscida,1.5
SOAP,Soaproot Saddle,SOAP283,297778.9,4101200,ARVI4,Arctostaphylos viscida,0
SOAP,Soaproot Saddle,SOAP1695,299178.3,4100968.2,ARVI4,Arctostaphylos viscida,3.8
SOAP,Soaproot Saddle,SOAP1343,299598.5,4100975,ARVI4,Arctostaphylos viscida,0.9
SOAP,Soaproot Saddle,SOAP1515,297510.2,4101249.5,ARVI4,Arctostaphylos viscida,1.3
SOAP,Soaproot Saddle,SOAP255,300144.1,4101387,ARVI4,Arctostaphylos viscida,3.1
SOAP,Soaproot Saddle,SOAP1695,299183.1,4100974,ARVI4,Arctostaphylos viscida,3.1
SOAP,Soaproot Saddle,SOAP1515,297517.2,4101264.8,ARVI4,Arctostaphylos viscida,1.7
SOAP,Soaproot Saddle,SOAP283,297777,4101207.5,ARVI4,Arctostaphylos viscida,2.5
SOAP,Soaproot Saddle,SOAP1695,299175.9,4100970.8,ARVI4,Arctostaphylos viscida,3.2
SOAP,Soaproot Saddle,SOAP1695,299183.2,4100972.5,ARVI4,Arctostaphylos viscida,4.8
SOAP,Soaproot Saddle,SOAP299,297507,4100687.5,ARVI4,Arctostaphylos viscida,1.3
SOAP,Soaproot Saddle,SOAP1515,297506.9,4101264.8,ARVI4,Arctostaphylos viscida,1.7
SOAP,Soaproot Saddle,SOAP255,300149.5,4101369,ARVI4,Arctostaphylos viscida,1
SOAP,Soaproot Saddle,SOAP555,297115.3,4100912.8,ARVI4,Arctostaphylos viscida,0.9
SOAP,Soaproot Saddle,SOAP143,299846.6,4100418.8,ARVI4,Arctostaphylos viscida,1.7
SOAP,Soaproot Saddle,SOAP1343,299589.6,4100963,ARVI4,Arctostaphylos viscida,2.8
SOAP,Soaproot Saddle,SOAP1515,297515.4,4101263.5,ARVI4,Arctostaphylos viscida,1.6
SOAP,Soaproot Saddle,SOAP255,300135.6,4101376,ARVI4,Arctostaphylos viscida,0.8
SOAP,Soaproot Saddle,SOAP1563,297694.2,4101221.5,ARVI4,Arctostaphylos viscida,1.2
SOAP,Soaproot Saddle,SOAP1343,299602.7,4100977.2,ARVI4,Arctostaphylos viscida,2.2
SOAP,Soaproot Saddle,SOAP299,297499.9,4100690,ARVI4,Arctostaphylos viscida,1
SOAP,Soaproot Saddle,SOAP1611,297435.3,4100571.2,ARVI4,Arctostaphylos viscida,1.3
SOAP,Soaproot Saddle,SOAP1695,299188.6,4100961.8,ARVI4,Arctostaphylos viscida,3.3
SOAP,Soaproot Saddle,SOAP1695,299181.5,4100970.2,ARVI4,Arctostaphylos viscida,3.1
SOAP,Soaproot Saddle,SOAP63,299806.5,4101030.2,ARVI4,Arctostaphylos viscida,1.1
SOAP,Soaproot Saddle,SOAP255,300147.9,4101370.5,ARVI4,Arctostaphylos viscida,0.8
SOAP,Soaproot Saddle,SOAP555,297127.1,4100912.5,ARVI4,Arctostaphylos viscida,1.4
SOAP,Soaproot Saddle,SOAP283,297778.9,4101202.5,ARVI4,Arctostaphylos viscida,0.7
SOAP,Soaproot Saddle,SOAP143,299848,4100426,ARVI4,Arctostaphylos viscida,1.9
SOAP,Soaproot Saddle,SOAP1695,299170.1,4100964.8,ARVI4,Arctostaphylos viscida,3.8
SOAP,Soaproot Saddle,SOAP223,299296.5,4101468,ARVI4,Arctostaphylos viscida,1.8
SOAP,Soaproot Saddle,SOAP1611,297437,4100569.5,ARVI4,Arctostaphylos viscida,3.8
SOAP,Soaproot Saddle,SOAP1515,297509.7,4101248,ARVI4,Arctostaphylos viscida,1.1
SOAP,Soaproot Saddle,SOAP1611,297450.9,4100580.8,ARVI4,Arctostaphylos viscida,1
SOAP,Soaproot Saddle,SOAP1695,299182.8,4100972.2,ARVI4,Arctostaphylos viscida,3.3
SOAP,Soaproot Saddle,SOAP555,297123.6,4100914.2,ARVI4,Arctostaphylos viscida,0.8
SOAP,Soaproot Saddle,SOAP555,297123.2,4100913.5,ARVI4,Arctostaphylos viscida,0.9
SOAP,Soaproot Saddle,SOAP299,297499.5,4100691.5,ARVI4,Arctostaphylos viscida,1.1
SOAP,Soaproot Saddle,SOAP255,300145.5,4101375.5,ARVI4,Arctostaphylos viscida,1.3
SOAP,Soaproot Saddle,SOAP1695,299181.8,4100957.8,ARVI4,Arctostaphylos viscida,2.2
SOAP,Soaproot Saddle,SOAP143,299850.2,4100423.5,ARVI4,Arctostaphylos viscida,0.9
SOAP,Soaproot Saddle,SOAP143,299849.6,4100424.8,ARVI4,Arctostaphylos viscida,0.9
SOAP,Soaproot Saddle,SOAP143,299844.8,4100412.5,ARVI4,Arctostaphylos viscida,4.6
SOAP,Soaproot Saddle,SOAP1515,297509.7,4101261.8,ARVI4,Arctostaphylos viscida,1
SOAP,Soaproot Saddle,SOAP139,297036.7,4100088.2,ARVI4,Arctostaphylos viscida,1.3
SOAP,Soaproot Saddle,SOAP1563,297692.5,4101231,ARVI4,Arctostaphylos viscida,0.6
SOAP,Soaproot Saddle,SOAP1695,299182.1,4100974,ARVI4,Arctostaphylos viscida,4.1
SOAP,Soaproot Saddle,SOAP139,297049.9,4100100.8,ARVI4,Arctostaphylos viscida,1.7
SOAP,Soaproot Saddle,SOAP63,299805.5,4101029.5,ARVI4,Arctostaphylos viscida,3.9
SOAP,Soaproot Saddle,SOAP991,299142.8,4101473,ARVI4,Arctostaphylos viscida,0.5
SOAP,Soaproot Saddle,SOAP555,297116.3,4100912.8,ARVI4,Arctostaphylos viscida,0.8
SOAP,Soaproot Saddle,SOAP255,300146,4101370,ARVI4,Arctostaphylos viscida,1.7
SOAP,Soaproot Saddle,SOAP1343,299587.7,4100962.5,ARVI4,Arctostaphylos viscida,2.4
SOAP,Soaproot Saddle,SOAP1515,297510.3,4101248,ARVI4,Arctostaphylos viscida,1.4
SOAP,Soaproot Saddle,SOAP1611,297435,4100569.8,ARVI4,Arctostaphylos viscida,4.2
SOAP,Soaproot Saddle,SOAP223,299296.3,4101479,ARVI4,Arctostaphylos viscida,1.3
SOAP,Soaproot Saddle,SOAP255,300151.1,4101384.5,ARVI4,Arctostaphylos viscida,0.6
SOAP,Soaproot Saddle,SOAP143,299849.3,4100426.5,ARVI4,Arctostaphylos viscida,1.7
SOAP,Soaproot Saddle,SOAP63,299804.9,4101032,ARVI4,Arctostaphylos viscida,2.8
SOAP,Soaproot Saddle,SOAP1695,299179.6,4100955.8,ARVI4,Arctostaphylos viscida,1.6
SOAP,Soaproot Saddle,SOAP331,297061.3,4100591.8,CADE27,Calocedrus decurrens,1.2
SOAP,Soaproot Saddle,SOAP331,297061.2,4100591.5,CADE27,Calocedrus decurrens,8.3
SOAP,Soaproot Saddle,SOAP331,297062.5,4100590.8,CADE27,Calocedrus decurrens,6
SOAP,Soaproot Saddle,SOAP331,297064.5,4100589.8,CADE27,Calocedrus decurrens,8.4
SOAP,Soaproot Saddle,SOAP331,297063.8,4100591,CADE27,Calocedrus decurrens,1.2
SOAP,Soaproot Saddle,SOAP139,297041.6,4100096.2,CADE27,Calocedrus decurrens,0.5
SOAP,Soaproot Saddle,SOAP331,297064.5,4100592.5,CADE27,Calocedrus decurrens,5.4
SOAP,Soaproot Saddle,SOAP331,297063.7,4100593.2,CADE27,Calocedrus decurrens,8.3
SOAP,Soaproot Saddle,SOAP95,298709.1,4100852.5,CADE27,Calocedrus decurrens,7.1
SOAP,Soaproot Saddle,SOAP331,297063.5,4100595,CADE27,Calocedrus decurrens,8.6
SOAP,Soaproot Saddle,SOAP187,297533,4100555,CADE27,Calocedrus decurrens,1.3
SOAP,Soaproot Saddle,SOAP331,297064.4,4100597.2,CADE27,Calocedrus decurrens,2
SOAP,Soaproot Saddle,SOAP1343,299602.4,4100981.5,CADE27,Calocedrus decurrens,0.7
SOAP,Soaproot Saddle,SOAP331,297061.5,4100598,CADE27,Calocedrus decurrens,2
SOAP,Soaproot Saddle,SOAP331,297059.2,4100597.5,CADE27,Calocedrus decurrens,7.7
SOAP,Soaproot Saddle,SOAP331,297058.8,4100598.5,CADE27,Calocedrus decurrens,2
SOAP,Soaproot Saddle,SOAP331,297058.5,4100598.5,CADE27,Calocedrus decurrens,11.4
SOAP,Soaproot Saddle,SOAP95,298705.9,4100854,CADE27,Calocedrus decurrens,2.7
SOAP,Soaproot Saddle,SOAP331,297058.1,4100597.5,CADE27,Calocedrus decurrens,9
SOAP,Soaproot Saddle,SOAP331,297058.1,4100597.2,CADE27,Calocedrus decurrens,2.8
SOAP,Soaproot Saddle,SOAP331,297057.8,4100596.2,CADE27,Calocedrus decurrens,11.1
SOAP,Soaproot Saddle,SOAP331,297057.1,4100594,CADE27,Calocedrus decurrens,5.4
SOAP,Soaproot Saddle,SOAP139,297043,4100091.2,CADE27,Calocedrus decurrens,0.6
SOAP,Soaproot Saddle,SOAP331,297059.9,4100595.5,CADE27,Calocedrus decurrens,0.7
SOAP,Soaproot Saddle,SOAP139,297034.1,4100089.8,CADE27,Calocedrus decurrens,2.4
SOAP,Soaproot Saddle,SOAP139,297034,4100089.5,CADE27,Calocedrus decurrens,5.2
SOAP,Soaproot Saddle,SOAP331,297054.9,4100599,CADE27,Calocedrus decurrens,3.3
SOAP,Soaproot Saddle,SOAP331,297055.4,4100600.5,CADE27,Calocedrus decurrens,7.2
SOAP,Soaproot Saddle,SOAP331,297055.8,4100600,CADE27,Calocedrus decurrens,9.1
SOAP,Soaproot Saddle,SOAP95,298701.9,4100853,CADE27,Calocedrus decurrens,2.9
SOAP,Soaproot Saddle,SOAP95,298702.1,4100854,CADE27,Calocedrus decurrens,1.4
SOAP,Soaproot Saddle,SOAP143,299836.3,4100413,CADE27,Calocedrus decurrens,19.7
SOAP,Soaproot Saddle,SOAP139,297039.7,4100086.8,CADE27,Calocedrus decurrens,11.3
SOAP,Soaproot Saddle,SOAP43,297068.4,4100716,CADE27,Calocedrus decurrens,2.9
SOAP,Soaproot Saddle,SOAP331,297057.7,4100602.8,CADE27,Calocedrus decurrens,1.4
SOAP,Soaproot Saddle,SOAP139,297054.9,4100083,CADE27,Calocedrus decurrens,120
SOAP,Soaproot Saddle,SOAP331,297059.5,4100602.5,CADE27,Calocedrus decurrens,0.7
SOAP,Soaproot Saddle,SOAP139,297055.5,4100083.5,CADE27,Calocedrus decurrens,3.3
SOAP,Soaproot Saddle,SOAP139,297055,4100083.8,CADE27,Calocedrus decurrens,2.7
SOAP,Soaproot Saddle,SOAP139,297054.4,4100084.2,CADE27,Calocedrus decurrens,1.8
SOAP,Soaproot Saddle,SOAP139,297055.3,4100084.5,CADE27,Calocedrus decurrens,2.4
SOAP,Soaproot Saddle,SOAP139,297054.8,4100084.5,CADE27,Calocedrus decurrens,2
SOAP,Soaproot Saddle,SOAP331,297060.6,4100603,CADE27,Calocedrus decurrens,1.4
SOAP,Soaproot Saddle,SOAP95,298693.8,4100857.8,CADE27,Calocedrus decurrens,0.9
SOAP,Soaproot Saddle,SOAP331,297062.3,4100603.5,CADE27,Calocedrus decurrens,1.6
SOAP,Soaproot Saddle,SOAP95,298693.5,4100858.2,CADE27,Calocedrus decurrens,0.8
SOAP,Soaproot Saddle,SOAP95,298693.3,4100858.8,CADE27,Calocedrus decurrens,0.8
SOAP,Soaproot Saddle,SOAP331,297063.5,4100602.5,CADE27,Calocedrus decurrens,7
SOAP,Soaproot Saddle,SOAP331,297063.8,4100602.8,CADE27,Calocedrus decurrens,0.9
SOAP,Soaproot Saddle,SOAP139,297058.8,4100088.5,CADE27,Calocedrus decurrens,1.5
SOAP,Soaproot Saddle,SOAP139,297059.2,4100089,CADE27,Calocedrus decurrens,2.1
SOAP,Soaproot Saddle,SOAP139,297059.2,4100089.5,CADE27,Calocedrus decurrens,2.7
SOAP,Soaproot Saddle,SOAP331,297061.8,4100601.2,CADE27,Calocedrus decurrens,1.7
SOAP,Soaproot Saddle,SOAP187,297529.2,4100554.2,CADE27,Calocedrus decurrens,1
SOAP,Soaproot Saddle,SOAP139,297058,4100091,CADE27,Calocedrus decurrens,3.1
SOAP,Soaproot Saddle,SOAP139,297056.3,4100091.5,CADE27,Calocedrus decurrens,2
SOAP,Soaproot Saddle,SOAP139,297059.4,4100091.5,CADE27,Calocedrus decurrens,3.7
SOAP,Soaproot Saddle,SOAP187,297529.3,4100551.5,CADE27,Calocedrus decurrens,2.1
SOAP,Soaproot Saddle,SOAP187,297530.7,4100551.2,CADE27,Calocedrus decurrens,1.3
SOAP,Soaproot Saddle,SOAP139,297055.1,4100090.5,CADE27,Calocedrus decurrens,2.3
SOAP,Soaproot Saddle,SOAP139,297059.9,4100093.2,CADE27,Calocedrus decurrens,1.2
SOAP,Soaproot Saddle,SOAP139,297059.6,4100093.8,CADE27,Calocedrus decurrens,1
SOAP,Soaproot Saddle,SOAP139,297060.2,4100094.2,CADE27,Calocedrus decurrens,1
SOAP,Soaproot Saddle,SOAP139,297058.4,4100094.2,CADE27,Calocedrus decurrens,2.8
SOAP,Soaproot Saddle,SOAP139,297058.9,4100093,CADE27,Calocedrus decurrens,3.9
SOAP,Soaproot Saddle,SOAP139,297056.7,4100093,CADE27,Calocedrus decurrens,5
SOAP,Soaproot Saddle,SOAP187,297525.3,4100542.5,CADE27,Calocedrus decurrens,1.7
SOAP,Soaproot Saddle,SOAP187,297527.8,4100559,CADE27,Calocedrus decurrens,1.3
SOAP,Soaproot Saddle,SOAP187,297526.5,4100541.5,CADE27,Calocedrus decurrens,1.3
SOAP,Soaproot Saddle,SOAP187,297526.5,4100543.5,CADE27,Calocedrus decurrens,1.9
SOAP,Soaproot Saddle,SOAP187,297527.9,4100542,CADE27,Calocedrus decurrens,1.4
SOAP,Soaproot Saddle,SOAP187,297528.3,4100542,CADE27,Calocedrus decurrens,1.4
SOAP,Soaproot Saddle,SOAP139,297053,4100097,CADE27,Calocedrus decurrens,1.6
SOAP,Soaproot Saddle,SOAP139,297052.4,4100096,CADE27,Calocedrus decurrens,4.3
SOAP,Soaproot Saddle,SOAP139,297053,4100098.8,CADE27,Calocedrus decurrens,2.1
SOAP,Soaproot Saddle,SOAP187,297530.1,4100541,CADE27,Calocedrus decurrens,1.4
SOAP,Soaproot Saddle,SOAP187,297530.8,4100541.5,CADE27,Calocedrus decurrens,3.5
SOAP,Soaproot Saddle,SOAP139,297051.3,4100100,CADE27,Calocedrus decurrens,0.7
SOAP,Soaproot Saddle,SOAP139,297050.9,4100100,CADE27,Calocedrus decurrens,1.2
SOAP,Soaproot Saddle,SOAP139,297050.9,4100100.2,CADE27,Calocedrus decurrens,0.6
SOAP,Soaproot Saddle,SOAP187,297533.3,4100547.2,CADE27,Calocedrus decurrens,0.9
SOAP,Soaproot Saddle,SOAP187,297535.1,4100542,CADE27,Calocedrus decurrens,5.1
SOAP,Soaproot Saddle,SOAP187,297536.9,4100541,CADE27,Calocedrus decurrens,6.2
SOAP,Soaproot Saddle,SOAP331,297053.6,4100606,CADE27,Calocedrus decurrens,6.9
SOAP,Soaproot Saddle,SOAP139,297042.7,4100095.2,CADE27,Calocedrus decurrens,0.5
SOAP,Soaproot Saddle,SOAP187,297541.4,4100544,CADE27,Calocedrus decurrens,2.9
SOAP,Soaproot Saddle,SOAP187,297539.6,4100546.5,CADE27,Calocedrus decurrens,5.1
SOAP,Soaproot Saddle,SOAP187,297535.7,4100545.5,CADE27,Calocedrus decurrens,6.9
SOAP,Soaproot Saddle,SOAP139,297049.4,4100093.5,CADE27,Calocedrus decurrens,21.6
SOAP,Soaproot Saddle,SOAP187,297533.8,4100544.2,CADE27,Calocedrus decurrens,3.3
SOAP,Soaproot Saddle,SOAP187,297535.8,4100548,CADE27,Calocedrus decurrens,1
SOAP,Soaproot Saddle,SOAP187,297534,4100550.5,CADE27,Calocedrus decurrens,0.8
SOAP,Soaproot Saddle,SOAP187,297534,4100550.8,CADE27,Calocedrus decurrens,0.8
SOAP,Soaproot Saddle,SOAP139,297036.6,4100097.5,CADE27,Calocedrus decurrens,5.1
SOAP,Soaproot Saddle,SOAP139,297036.9,4100098.5,CADE27,Calocedrus decurrens,4.8
SOAP,Soaproot Saddle,SOAP139,297036.7,4100099.5,CADE27,Calocedrus decurrens,6.1
SOAP,Soaproot Saddle,SOAP139,297043.1,4100092.8,CADE27,Calocedrus decurrens,0.8
SOAP,Soaproot Saddle,SOAP139,297040.9,4100092.8,CADE27,Calocedrus decurrens,0.7
SOAP,Soaproot Saddle,SOAP139,297040.9,4100093,CADE27,Calocedrus decurrens,0.7
SOAP,Soaproot Saddle,SOAP139,297041.1,4100093.8,CADE27,Calocedrus decurrens,0.6
SOAP,Soaproot Saddle,SOAP139,297041.2,4100093.5,CADE27,Calocedrus decurrens,0.6
SOAP,Soaproot Saddle,SOAP139,297041.3,4100096.5,CADE27,Calocedrus decurrens,0.5
SOAP,Soaproot Saddle,SOAP139,297040.9,4100095.5,CADE27,Calocedrus decurrens,0.6
SOAP,Soaproot Saddle,SOAP139,297040.9,4100095.5,CADE27,Calocedrus decurrens,50
SOAP,Soaproot Saddle,SOAP139,297041.4,4100095.2,CADE27,Calocedrus decurrens,0.5
SOAP,Soaproot Saddle,SOAP187,297537.8,4100556,CADE27,Calocedrus decurrens,1.4
SOAP,Soaproot Saddle,SOAP139,297041.4,4100095.8,CADE27,Calocedrus decurrens,0.6
SOAP,Soaproot Saddle,SOAP139,297041.4,4100095.8,CADE27,Calocedrus decurrens,0.6
SOAP,Soaproot Saddle,SOAP139,297040.8,4100096,CADE27,Calocedrus decurrens,0.5
SOAP,Soaproot Saddle,SOAP139,297041.7,4100095.5,CADE27,Calocedrus decurrens,0.7
SOAP,Soaproot Saddle,SOAP139,297041,4100096.5,CADE27,Calocedrus decurrens,0.7
SOAP,Soaproot Saddle,SOAP139,297041.3,4100095,CADE27,Calocedrus decurrens,0.5
SOAP,Soaproot Saddle,SOAP139,297041.4,4100095.5,CADE27,Calocedrus decurrens,0.5
SOAP,Soaproot Saddle,SOAP139,297041.4,4100095.5,CADE27,Calocedrus decurrens,0.5
SOAP,Soaproot Saddle,SOAP139,297041.9,4100095.2,CADE27,Calocedrus decurrens,0.7
SOAP,Soaproot Saddle,SOAP139,297041.6,4100094.8,CADE27,Calocedrus decurrens,0.6
SOAP,Soaproot Saddle,SOAP139,297042.3,4100094.8,CADE27,Calocedrus decurrens,0.5
SOAP,Soaproot Saddle,SOAP139,297042.7,4100095,CADE27,Calocedrus decurrens,0.6
SOAP,Soaproot Saddle,SOAP139,297042.8,4100095,CADE27,Calocedrus decurrens,0.6
SOAP,Soaproot Saddle,SOAP139,297043,4100094.8,CADE27,Calocedrus decurrens,0.6
SOAP,Soaproot Saddle,SOAP139,297043.1,4100094.5,CADE27,Calocedrus decurrens,0.6
SOAP,Soaproot Saddle,SOAP139,297042.5,4100094,CADE27,Calocedrus decurrens,0.6
SOAP,Soaproot Saddle,SOAP139,297042.2,4100093.8,CADE27,Calocedrus decurrens,0.6
SOAP,Soaproot Saddle,SOAP139,297042.1,4100093.5,CADE27,Calocedrus decurrens,0.8
SOAP,Soaproot Saddle,SOAP95,298695.9,4100856.5,CADE27,Calocedrus decurrens,0.6
SOAP,Soaproot Saddle,SOAP139,297041.5,4100096.5,CADE27,Calocedrus decurrens,0.6
SOAP,Soaproot Saddle,SOAP63,299819.5,4101021.8,CADE27,Calocedrus decurrens,2
SOAP,Soaproot Saddle,SOAP139,297041.3,4100096.5,CADE27,Calocedrus decurrens,0.5
SOAP,Soaproot Saddle,SOAP139,297041,4100096.8,CADE27,Calocedrus decurrens,0.6
SOAP,Soaproot Saddle,SOAP187,297532.9,4100555,CADE27,Calocedrus decurrens,1
SOAP,Soaproot Saddle,SOAP187,297532.9,4100555.5,CADE27,Calocedrus decurrens,0.6
SOAP,Soaproot Saddle,SOAP95,298710.5,4100851.5,CADE27,Calocedrus decurrens,17.2
SOAP,Soaproot Saddle,SOAP187,297532.4,4100556,CADE27,Calocedrus decurrens,0.7
SOAP,Soaproot Saddle,SOAP187,297532.8,4100556.5,CADE27,Calocedrus decurrens,0.9
SOAP,Soaproot Saddle,SOAP139,297049.9,4100102.5,CADE27,Calocedrus decurrens,0.7
SOAP,Soaproot Saddle,SOAP187,297533.2,4100557,CADE27,Calocedrus decurrens,0.9
SOAP,Soaproot Saddle,SOAP139,297044.2,4100101.8,CADE27,Calocedrus decurrens,25.5
SOAP,Soaproot Saddle,SOAP139,297041.9,4100092.5,CADE27,Calocedrus decurrens,0.6
SOAP,Soaproot Saddle,SOAP139,297042.1,4100092.5,CADE27,Calocedrus decurrens,0.6
SOAP,Soaproot Saddle,SOAP139,297041.8,4100092.5,CADE27,Calocedrus decurrens,0.6
SOAP,Soaproot Saddle,SOAP43,297069.4,4100718.5,CADE27,Calocedrus decurrens,6.8
SOAP,Soaproot Saddle,SOAP139,297043.4,4100092.5,CADE27,Calocedrus decurrens,0.6
SOAP,Soaproot Saddle,SOAP139,297043.8,4100092.5,CADE27,Calocedrus decurrens,0.6
SOAP,Soaproot Saddle,SOAP187,297528.5,4100552,CADE27,Calocedrus decurrens,23.9
SOAP,Soaproot Saddle,SOAP63,299817.6,4101023.5,CADE27,Calocedrus decurrens,9.6
SOAP,Soaproot Saddle,SOAP43,297066.9,4100718.8,CADE27,Calocedrus decurrens,4
SOAP,Soaproot Saddle,SOAP43,297066.5,4100718.5,CADE27,Calocedrus decurrens,1.8
SOAP,Soaproot Saddle,SOAP43,297065.6,4100718.8,CADE27,Calocedrus decurrens,2.2
SOAP,Soaproot Saddle,SOAP143,299838.7,4100418,CADE27,Calocedrus decurrens,0.7
SOAP,Soaproot Saddle,SOAP143,299834.4,4100417.2,CADE27,Calocedrus decurrens,16.7
SOAP,Soaproot Saddle,SOAP43,297067.4,4100715.8,CADE27,Calocedrus decurrens,1.3
SOAP,Soaproot Saddle,SOAP143,299837.3,4100416,CADE27,Calocedrus decurrens,16
SOAP,Soaproot Saddle,SOAP331,297055.2,4100594,CADE27,Calocedrus decurrens,7.6
SOAP,Soaproot Saddle,SOAP43,297069.7,4100715.5,CADE27,Calocedrus decurrens,1.6
SOAP,Soaproot Saddle,SOAP331,297057.2,4100602,CADE27,Calocedrus decurrens,1
SOAP,Soaproot Saddle,SOAP43,297061.6,4100715.2,CADE27,Calocedrus decurrens,6.1
SOAP,Soaproot Saddle,SOAP43,297060.6,4100714.5,CADE27,Calocedrus decurrens,3.7
SOAP,Soaproot Saddle,SOAP255,300136.3,4101386.2,CADE27,Calocedrus decurrens,3
SOAP,Soaproot Saddle,SOAP63,299815,4101031.5,CADE27,Calocedrus decurrens,1.3
SOAP,Soaproot Saddle,SOAP255,300137.5,4101385.5,CADE27,Calocedrus decurrens,4.8
SOAP,Soaproot Saddle,SOAP43,297066.3,4100727.2,CADE27,Calocedrus decurrens,4.3
SOAP,Soaproot Saddle,SOAP43,297065.5,4100728.8,CADE27,Calocedrus decurrens,0.9
SOAP,Soaproot Saddle,SOAP43,297064.2,4100726.5,CADE27,Calocedrus decurrens,4.9
SOAP,Soaproot Saddle,SOAP63,299817.1,4101021.5,CADE27,Calocedrus decurrens,10.1
SOAP,Soaproot Saddle,SOAP43,297069.5,4100732.5,CADE27,Calocedrus decurrens,1
SOAP,Soaproot Saddle,SOAP43,297066.8,4100731.8,CADE27,Calocedrus decurrens,0.8
SOAP,Soaproot Saddle,SOAP43,297065.7,4100731.5,CADE27,Calocedrus decurrens,12.1
SOAP,Soaproot Saddle,SOAP43,297068.2,4100731.5,CADE27,Calocedrus decurrens,6.8
SOAP,Soaproot Saddle,SOAP43,297066.9,4100732.2,CADE27,Calocedrus decurrens,6.6
SOAP,Soaproot Saddle,SOAP95,298701.5,4100858.2,CADE27,Calocedrus decurrens,0.7
SOAP,Soaproot Saddle,SOAP95,298699.7,4100858,CADE27,Calocedrus decurrens,0.6
SOAP,Soaproot Saddle,SOAP63,299822.9,4101028.5,CADE27,Calocedrus decurrens,5.7
SOAP,Soaproot Saddle,SOAP331,297063.2,4100600.5,CADE27,Calocedrus decurrens,2.8
SOAP,Soaproot Saddle,SOAP143,299838.8,4100414.2,CADE27,Calocedrus decurrens,13.2
SOAP,Soaproot Saddle,SOAP43,297057.8,4100729.8,CADE27,Calocedrus decurrens,9.7
SOAP,Soaproot Saddle,SOAP143,299842.9,4100416.2,CADE27,Calocedrus decurrens,14.7
SOAP,Soaproot Saddle,SOAP63,299820.8,4101024.5,CADE27,Calocedrus decurrens,23.7
SOAP,Soaproot Saddle,SOAP43,297055.6,4100728.5,CADE27,Calocedrus decurrens,3
SOAP,Soaproot Saddle,SOAP43,297054.8,4100728.5,CADE27,Calocedrus decurrens,2.3
SOAP,Soaproot Saddle,SOAP43,297054.5,4100727.5,CADE27,Calocedrus decurrens,0.7
SOAP,Soaproot Saddle,SOAP43,297053.8,4100727.2,CADE27,Calocedrus decurrens,0.8
SOAP,Soaproot Saddle,SOAP143,299849.9,4100411.2,CADE27,Calocedrus decurrens,14.8
SOAP,Soaproot Saddle,SOAP43,297055.6,4100727.8,CADE27,Calocedrus decurrens,2.8
SOAP,Soaproot Saddle,SOAP43,297053.6,4100725,CADE27,Calocedrus decurrens,1.5
SOAP,Soaproot Saddle,SOAP331,297055.5,4100603.8,CADE27,Calocedrus decurrens,1.2
SOAP,Soaproot Saddle,SOAP43,297053.2,4100726.5,CADE27,Calocedrus decurrens,7.7
SOAP,Soaproot Saddle,SOAP43,297053.1,4100727.5,CADE27,Calocedrus decurrens,3.3
SOAP,Soaproot Saddle,SOAP299,297492.1,4100690.5,CADE27,Calocedrus decurrens,12
SOAP,Soaproot Saddle,SOAP299,297494.4,4100690,CADE27,Calocedrus decurrens,10.2
SOAP,Soaproot Saddle,SOAP95,298694.8,4100858.5,CADE27,Calocedrus decurrens,0.9
SOAP,Soaproot Saddle,SOAP331,297059.3,4100608,CADE27,Calocedrus decurrens,0.8
SOAP,Soaproot Saddle,SOAP63,299816.3,4101027.8,CADE27,Calocedrus decurrens,2.3
SOAP,Soaproot Saddle,SOAP43,297050.7,4100731.5,CADE27,Calocedrus decurrens,1.3
SOAP,Soaproot Saddle,SOAP187,297527.9,4100544,CADE27,Calocedrus decurrens,2.4
SOAP,Soaproot Saddle,SOAP43,297053.3,4100729.8,CADE27,Calocedrus decurrens,16.5
SOAP,Soaproot Saddle,SOAP43,297055.7,4100732.2,CADE27,Calocedrus decurrens,4.4
SOAP,Soaproot Saddle,SOAP43,297055.6,4100732.5,CADE27,Calocedrus decurrens,2.9
SOAP,Soaproot Saddle,SOAP331,297064.4,4100604.5,CADE27,Calocedrus decurrens,1.2
SOAP,Soaproot Saddle,SOAP143,299851.1,4100417.8,CADE27,Calocedrus decurrens,17.2
SOAP,Soaproot Saddle,SOAP63,299805.5,4101028,CADE27,Calocedrus decurrens,1.5
SOAP,Soaproot Saddle,SOAP331,297051.9,4100600,CADE27,Calocedrus decurrens,10.3
SOAP,Soaproot Saddle,SOAP143,299845.1,4100420.2,CADE27,Calocedrus decurrens,0.7
SOAP,Soaproot Saddle,SOAP95,298703.9,4100858.5,CADE27,Calocedrus decurrens,10.7
SOAP,Soaproot Saddle,SOAP255,300136,4101383.8,CADE27,Calocedrus decurrens,7
SOAP,Soaproot Saddle,SOAP187,297532.7,4100553.5,CADE27,Calocedrus decurrens,0.7
SOAP,Soaproot Saddle,SOAP63,299813.7,4101022.5,CADE27,Calocedrus decurrens,4.5
SOAP,Soaproot Saddle,SOAP63,299813.1,4101021.2,CADE27,Calocedrus decurrens,1.9
SOAP,Soaproot Saddle,SOAP63,299813.1,4101020.8,CADE27,Calocedrus decurrens,4.3
SOAP,Soaproot Saddle,SOAP95,298700.6,4100847.8,CADE27,Calocedrus decurrens,4.1
SOAP,Soaproot Saddle,SOAP187,297536.6,4100545,CADE27,Calocedrus decurrens,6
SOAP,Soaproot Saddle,SOAP143,299851.7,4100420.2,CADE27,Calocedrus decurrens,14
SOAP,Soaproot Saddle,SOAP63,299812.8,4101015.5,CADE27,Calocedrus decurrens,7.7
SOAP,Soaproot Saddle,SOAP63,299813.3,4101014.8,CADE27,Calocedrus decurrens,4.3
SOAP,Soaproot Saddle,SOAP331,297052.9,4100595.2,CADE27,Calocedrus decurrens,2.9
SOAP,Soaproot Saddle,SOAP63,299809.8,4101014.5,CADE27,Calocedrus decurrens,1.7
SOAP,Soaproot Saddle,SOAP331,297053.8,4100595.2,CADE27,Calocedrus decurrens,8.2
SOAP,Soaproot Saddle,SOAP331,297045.5,4100588.8,CADE27,Calocedrus decurrens,10.4
SOAP,Soaproot Saddle,SOAP331,297048.7,4100590.8,CADE27,Calocedrus decurrens,5
SOAP,Soaproot Saddle,SOAP331,297048,4100589,CADE27,Calocedrus decurrens,9.1
SOAP,Soaproot Saddle,SOAP331,297046.9,4100589.8,CADE27,Calocedrus decurrens,1.8
SOAP,Soaproot Saddle,SOAP95,298700.7,4100841.5,CADE27,Calocedrus decurrens,8.3
SOAP,Soaproot Saddle,SOAP331,297047.4,4100592,CADE27,Calocedrus decurrens,8.6
SOAP,Soaproot Saddle,SOAP255,300146.1,4101376.8,CADE27,Calocedrus decurrens,1
SOAP,Soaproot Saddle,SOAP331,297047.9,4100594,CADE27,Calocedrus decurrens,6.9
SOAP,Soaproot Saddle,SOAP331,297047.3,4100595.2,CADE27,Calocedrus decurrens,12.8
SOAP,Soaproot Saddle,SOAP63,299807.5,4101018.5,CADE27,Calocedrus decurrens,1.2
SOAP,Soaproot Saddle,SOAP95,298705.9,4100847.2,CADE27,Calocedrus decurrens,11.6
SOAP,Soaproot Saddle,SOAP95,298704.1,4100845.8,CADE27,Calocedrus decurrens,9.4
SOAP,Soaproot Saddle,SOAP331,297055.7,4100597.8,CADE27,Calocedrus decurrens,10.9
SOAP,Soaproot Saddle,SOAP187,297536.2,4100558.2,CADE27,Calocedrus decurrens,1.4
SOAP,Soaproot Saddle,SOAP63,299816.2,4101025.8,CADE27,Calocedrus decurrens,3.8
SOAP,Soaproot Saddle,SOAP95,298708.3,4100846.5,CADE27,Calocedrus decurrens,5.2
SOAP,Soaproot Saddle,SOAP95,298704.1,4100843.2,CADE27,Calocedrus decurrens,8.5
SOAP,Soaproot Saddle,SOAP187,297534.9,4100555.8,CADE27,Calocedrus decurrens,1
SOAP,Soaproot Saddle,SOAP255,300152.3,4101382.2,CADE27,Calocedrus decurrens,0.9
SOAP,Soaproot Saddle,SOAP331,297057.2,4100589.8,CADE27,Calocedrus decurrens,3.4
SOAP,Soaproot Saddle,SOAP143,299853.1,4100428.2,CADE27,Calocedrus decurrens,10.2
SOAP,Soaproot Saddle,SOAP63,299814.6,4101018,CADE27,Calocedrus decurrens,4.7
SOAP,Soaproot Saddle,SOAP63,299815.4,4101018.8,CADE27,Calocedrus decurrens,2
SOAP,Soaproot Saddle,SOAP63,299814.8,4101019.8,CADE27,Calocedrus decurrens,7.9
SOAP,Soaproot Saddle,SOAP63,299815.7,4101019.2,CADE27,Calocedrus decurrens,3.5
SOAP,Soaproot Saddle,SOAP143,299848,4100428,CADE27,Calocedrus decurrens,11.5
SOAP,Soaproot Saddle,SOAP255,300134.5,4101384.8,CADE27,Calocedrus decurrens,6.1
SOAP,Soaproot Saddle,SOAP187,297532.5,4100551,CADE27,Calocedrus decurrens,0.8
SOAP,Soaproot Saddle,SOAP63,299819.7,4101016.2,CADE27,Calocedrus decurrens,9.1
SOAP,Soaproot Saddle,SOAP187,297531.7,4100553.5,CADE27,Calocedrus decurrens,1
SOAP,Soaproot Saddle,SOAP95,298706.7,4100849.8,CADE27,Calocedrus decurrens,6.4
SOAP,Soaproot Saddle,SOAP187,297532.2,4100555,CADE27,Calocedrus decurrens,0.7
SOAP,Soaproot Saddle,SOAP95,298709,4100850.5,CADE27,Calocedrus decurrens,4.8
SOAP,Soaproot Saddle,SOAP63,299824,4101020.5,CADE27,Calocedrus decurrens,3.8
SOAP,Soaproot Saddle,SOAP63,299823.5,4101019.5,CADE27,Calocedrus decurrens,6.6
SOAP,Soaproot Saddle,SOAP43,297065.5,4100722.2,CADE27,Calocedrus decurrens,1.6
SOAP,Soaproot Saddle,SOAP255,300144.2,4101380,CADE27,Calocedrus decurrens,4.2
SOAP,Soaproot Saddle,SOAP63,299822.2,4101020,CADE27,Calocedrus decurrens,5.5
SOAP,Soaproot Saddle,SOAP63,299823.1,4101021.2,CADE27,Calocedrus decurrens,1.5
SOAP,Soaproot Saddle,SOAP95,298709.4,4100852.2,CADE27,Calocedrus decurrens,3.6
SOAP,Soaproot Saddle,SOAP143,299838.4,4100428,CADE27,Calocedrus decurrens,8.6
SOAP,Soaproot Saddle,SOAP95,298694.8,4100859,CADE27,Calocedrus decurrens,0.9
SOAP,Soaproot Saddle,SOAP63,299818.6,4101015.8,CADE27,Calocedrus decurrens,2.9
SOAP,Soaproot Saddle,SOAP43,297068.8,4100720.2,CADE27,Calocedrus decurrens,4.9
SOAP,Soaproot Saddle,SOAP255,300143.2,4101387,CADE27,Calocedrus decurrens,1.7
SOAP,Soaproot Saddle,SOAP255,300141.5,4101386.8,CADE27,Calocedrus decurrens,0.9
SOAP,Soaproot Saddle,SOAP255,300139.4,4101387.5,CADE27,Calocedrus decurrens,0.9
SOAP,Soaproot Saddle,SOAP43,297069,4100718,CADE27,Calocedrus decurrens,1.8
SOAP,Soaproot Saddle,SOAP43,297067.4,4100719,CADE27,Calocedrus decurrens,1.9
SOAP,Soaproot Saddle,SOAP95,298710.9,4100858.2,CADE27,Calocedrus decurrens,0.7
SOAP,Soaproot Saddle,SOAP331,297059.7,4100595.8,CADE27,Calocedrus decurrens,6.3
SOAP,Soaproot Saddle,SOAP331,297055.4,4100599,CADE27,Calocedrus decurrens,3.2
SOAP,Soaproot Saddle,SOAP95,298694.5,4100859,CADE27,Calocedrus decurrens,0.9
SOAP,Soaproot Saddle,SOAP63,299816.5,4101025.5,CADE27,Calocedrus decurrens,6.5
SOAP,Soaproot Saddle,SOAP95,298695.2,4100855.5,CADE27,Calocedrus decurrens,0.6
SOAP,Soaproot Saddle,SOAP95,298695.4,4100856.2,CADE27,Calocedrus decurrens,1.1
SOAP,Soaproot Saddle,SOAP187,297534.8,4100556.5,CADE27,Calocedrus decurrens,1.6
SOAP,Soaproot Saddle,SOAP63,299815.9,4101028.5,CADE27,Calocedrus decurrens,4.5
SOAP,Soaproot Saddle,SOAP43,297058.4,4100714.8,CADE27,Calocedrus decurrens,4.7
SOAP,Soaproot Saddle,SOAP187,297530.1,4100544.2,CADE27,Calocedrus decurrens,2.8
SOAP,Soaproot Saddle,SOAP255,300135,4101387.5,CADE27,Calocedrus decurrens,2.1
SOAP,Soaproot Saddle,SOAP331,297064,4100605,CADE27,Calocedrus decurrens,1.2
SOAP,Soaproot Saddle,SOAP63,299814.3,4101027.8,CADE27,Calocedrus decurrens,2.7
SOAP,Soaproot Saddle,SOAP331,297059.4,4100602.2,CADE27,Calocedrus decurrens,1.9
SOAP,Soaproot Saddle,SOAP331,297060.1,4100602.5,CADE27,Calocedrus decurrens,1.3
SOAP,Soaproot Saddle,SOAP255,300134.9,4101384.8,CADE27,Calocedrus decurrens,2.5
SOAP,Soaproot Saddle,SOAP63,299809.1,4101027.8,CADE27,Calocedrus decurrens,2.7
SOAP,Soaproot Saddle,SOAP63,299820.6,4101025.8,CADE27,Calocedrus decurrens,2.9
SOAP,Soaproot Saddle,SOAP187,297529.2,4100552.8,CADE27,Calocedrus decurrens,134
SOAP,Soaproot Saddle,SOAP43,297053.3,4100719,CADE27,Calocedrus decurrens,3.6
SOAP,Soaproot Saddle,SOAP95,298693.6,4100858.2,CADE27,Calocedrus decurrens,0.8
SOAP,Soaproot Saddle,SOAP63,299823.5,4101030.5,CADE27,Calocedrus decurrens,0.9
SOAP,Soaproot Saddle,SOAP95,298700.6,4100847.2,CADE27,Calocedrus decurrens,4
SOAP,Soaproot Saddle,SOAP95,298700.3,4100858.2,CADE27,Calocedrus decurrens,0.7
SOAP,Soaproot Saddle,SOAP95,298708,4100851.5,CADE27,Calocedrus decurrens,3.3
SOAP,Soaproot Saddle,SOAP331,297050.7,4100598,CADE27,Calocedrus decurrens,17.9
SOAP,Soaproot Saddle,SOAP187,297530.7,4100548.2,CADE27,Calocedrus decurrens,1.8
SOAP,Soaproot Saddle,SOAP331,297063.9,4100600.5,CADE27,Calocedrus decurrens,1.3
SOAP,Soaproot Saddle,SOAP95,298698.4,4100856,CADE27,Calocedrus decurrens,0.6
SOAP,Soaproot Saddle,SOAP331,297061.2,4100600,CADE27,Calocedrus decurrens,1
SOAP,Soaproot Saddle,SOAP331,297057.4,4100606.8,CADE27,Calocedrus decurrens,18.8
SOAP,Soaproot Saddle,SOAP43,297057.7,4100716,CADE27,Calocedrus decurrens,1.7
SOAP,Soaproot Saddle,SOAP283,297782.1,4101200,CADE27,Calocedrus decurrens,9.1
SOAP,Soaproot Saddle,SOAP283,297782.5,4101206.2,CADE27,Calocedrus decurrens,13.8
SOAP,Soaproot Saddle,SOAP283,297780.6,4101206,CADE27,Calocedrus decurrens,9.1
SOAP,Soaproot Saddle,SOAP187,297539,4100554.5,CADE27,Calocedrus decurrens,0.6
SOAP,Soaproot Saddle,SOAP187,297530.8,4100551,CADE27,Calocedrus decurrens,0.9
SOAP,Soaproot Saddle,SOAP331,297059.8,4100600,CADE27,Calocedrus decurrens,1.1
SOAP,Soaproot Saddle,SOAP187,297526.3,4100552.8,CADE27,Calocedrus decurrens,27.9
SOAP,Soaproot Saddle,SOAP95,298694.8,4100857.8,CADE27,Calocedrus decurrens,0.8
SOAP,Soaproot Saddle,SOAP299,297489.2,4100692.5,CADE27,Calocedrus decurrens,8.3
SOAP,Soaproot Saddle,SOAP187,297525.3,4100543.5,CADE27,Calocedrus decurrens,1.5
SOAP,Soaproot Saddle,SOAP187,297537.1,4100557.5,CADE27,Calocedrus decurrens,1
SOAP,Soaproot Saddle,SOAP331,297060.2,4100591.8,CADE27,Calocedrus decurrens,6.5
SOAP,Soaproot Saddle,SOAP331,297051.3,4100600.5,CADE27,Calocedrus decurrens,7.5
SOAP,Soaproot Saddle,SOAP63,299815.4,4101021,CADE27,Calocedrus decurrens,3.2
SOAP,Soaproot Saddle,SOAP187,297532.4,4100551.5,CADE27,Calocedrus decurrens,1.4
SOAP,Soaproot Saddle,SOAP331,297059.3,4100604.5,CADE27,Calocedrus decurrens,0.8
SOAP,Soaproot Saddle,SOAP43,297069.6,4100713.5,CADE27,Calocedrus decurrens,3.1
SOAP,Soaproot Saddle,SOAP331,297056.6,4100591.2,CADE27,Calocedrus decurrens,9
SOAP,Soaproot Saddle,SOAP187,297529.6,4100542.5,CADE27,Calocedrus decurrens,4.5
SOAP,Soaproot Saddle,SOAP331,297058.4,4100590,CADE27,Calocedrus decurrens,3.1
SOAP,Soaproot Saddle,SOAP187,297534.6,4100555.8,CADE27,Calocedrus decurrens,0.6
SOAP,Soaproot Saddle,SOAP187,297530.9,4100540.8,CADE27,Calocedrus decurrens,6.3
SOAP,Soaproot Saddle,SOAP187,297530.9,4100540.5,CADE27,Calocedrus decurrens,4.9
SOAP,Soaproot Saddle,SOAP331,297052.9,4100601.5,CADE27,Calocedrus decurrens,7
SOAP,Soaproot Saddle,SOAP331,297052.8,4100595.5,CADE27,Calocedrus decurrens,8.2
SOAP,Soaproot Saddle,SOAP187,297534.7,4100551.5,CADE27,Calocedrus decurrens,1.5
SOAP,Soaproot Saddle,SOAP187,297536.3,4100552.5,CADE27,Calocedrus decurrens,0.9
SOAP,Soaproot Saddle,SOAP187,297538.3,4100553.2,CADE27,Calocedrus decurrens,0.9
SOAP,Soaproot Saddle,SOAP43,297050.4,4100714.5,CADE27,Calocedrus decurrens,1.8
SOAP,Soaproot Saddle,SOAP187,297531.8,4100554.8,CADE27,Calocedrus decurrens,0.7
SOAP,Soaproot Saddle,SOAP43,297050.7,4100711.2,CADE27,Calocedrus decurrens,3.5
SOAP,Soaproot Saddle,SOAP331,297048.1,4100605.5,CADE27,Calocedrus decurrens,4.3
SOAP,Soaproot Saddle,SOAP43,297050.8,4100718.5,CADE27,Calocedrus decurrens,5.9
SOAP,Soaproot Saddle,SOAP43,297065.2,4100722,CADE27,Calocedrus decurrens,1.9
SOAP,Soaproot Saddle,SOAP331,297049.7,4100595.5,CADE27,Calocedrus decurrens,7.3
SOAP,Soaproot Saddle,SOAP331,297053.2,4100595.8,CADE27,Calocedrus decurrens,3.4
SOAP,Soaproot Saddle,SOAP43,297065.6,4100723.2,CADE27,Calocedrus decurrens,3.2
SOAP,Soaproot Saddle,SOAP95,298710.9,4100856,CADE27,Calocedrus decurrens,0.8
SOAP,Soaproot Saddle,SOAP187,297536.8,4100557.8,CADE27,Calocedrus decurrens,1.6
SOAP,Soaproot Saddle,SOAP43,297067.4,4100717.5,CADE27,Calocedrus decurrens,3.5
SOAP,Soaproot Saddle,SOAP95,298713.2,4100855,CADE27,Calocedrus decurrens,3.5
SOAP,Soaproot Saddle,SOAP187,297538.4,4100551.2,CADE27,Calocedrus decurrens,1
SOAP,Soaproot Saddle,SOAP187,297538.5,4100551.5,CADE27,Calocedrus decurrens,0.8
SOAP,Soaproot Saddle,SOAP187,297539.8,4100552.2,CADE27,Calocedrus decurrens,1.3
SOAP,Soaproot Saddle,SOAP187,297541,4100553.5,CADE27,Calocedrus decurrens,1.1
SOAP,Soaproot Saddle,SOAP331,297051.6,4100593,CADE27,Calocedrus decurrens,10.2
SOAP,Soaproot Saddle,SOAP187,297539.3,4100559,CADE27,Calocedrus decurrens,1.8
SOAP,Soaproot Saddle,SOAP187,297538.3,4100556.5,CADE27,Calocedrus decurrens,3.3
SOAP,Soaproot Saddle,SOAP95,298706.5,4100847.5,CADE27,Calocedrus decurrens,1.8
SOAP,Soaproot Saddle,SOAP95,298693.8,4100859.2,CADE27,Calocedrus decurrens,0.8
SOAP,Soaproot Saddle,SOAP331,297059.7,4100591.8,CADE27,Calocedrus decurrens,2.4
SOAP,Soaproot Saddle,SOAP331,297058.8,4100603.2,CADE27,Calocedrus decurrens,3.3
SOAP,Soaproot Saddle,SOAP187,297533.5,4100551.2,CADE27,Calocedrus decurrens,0.9
SOAP,Soaproot Saddle,SOAP95,298697.3,4100854.8,CADE27,Calocedrus decurrens,1
SOAP,Soaproot Saddle,SOAP63,299819.7,4101032.2,CADE27,Calocedrus decurrens,6.6
SOAP,Soaproot Saddle,SOAP187,297534.6,4100556.5,CADE27,Calocedrus decurrens,1.3
SOAP,Soaproot Saddle,SOAP95,298705.6,4100844,CADE27,Calocedrus decurrens,1.6
SOAP,Soaproot Saddle,SOAP43,297058.1,4100715,CADE27,Calocedrus decurrens,1
SOAP,Soaproot Saddle,SOAP187,297535.8,4100555.5,CADE27,Calocedrus decurrens,1.6
SOAP,Soaproot Saddle,SOAP95,298700.4,4100852,CADE27,Calocedrus decurrens,4.5
SOAP,Soaproot Saddle,SOAP331,297061,4100604,CADE27,Calocedrus decurrens,2.4
SOAP,Soaproot Saddle,SOAP331,297057.3,4100592,CADE27,Calocedrus decurrens,8.4
SOAP,Soaproot Saddle,SOAP331,297058.4,4100593,CADE27,Calocedrus decurrens,8.5
SOAP,Soaproot Saddle,SOAP95,298699.3,4100848.2,CADE27,Calocedrus decurrens,5
SOAP,Soaproot Saddle,SOAP331,297064.2,4100598.2,CADE27,Calocedrus decurrens,0.6
SOAP,Soaproot Saddle,SOAP187,297533.4,4100557,CADE27,Calocedrus decurrens,1.3
SOAP,Soaproot Saddle,SOAP43,297058.1,4100730.5,CADE27,Calocedrus decurrens,4.3
SOAP,Soaproot Saddle,SOAP187,297533.5,4100557.5,CADE27,Calocedrus decurrens,0.9
SOAP,Soaproot Saddle,SOAP43,297054.5,4100722.5,CADE27,Calocedrus decurrens,3.3
SOAP,Soaproot Saddle,SOAP43,297067.1,4100720.5,CADE27,Calocedrus decurrens,3
SOAP,Soaproot Saddle,SOAP43,297050.6,4100711.2,CADE27,Calocedrus decurrens,3.5
SOAP,Soaproot Saddle,SOAP187,297532.5,4100555.2,CADE27,Calocedrus decurrens,0.5
SOAP,Soaproot Saddle,SOAP187,297525.9,4100560.5,CADE27,Calocedrus decurrens,1
SOAP,Soaproot Saddle,SOAP187,297532.8,4100555.2,CADE27,Calocedrus decurrens,0.9
SOAP,Soaproot Saddle,SOAP331,297047.7,4100605.5,CADE27,Calocedrus decurrens,4.5
SOAP,Soaproot Saddle,SOAP43,297065.5,4100722.5,CADE27,Calocedrus decurrens,0.8
SOAP,Soaproot Saddle,SOAP187,297538.1,4100556.5,CADE27,Calocedrus decurrens,1.1
SOAP,Soaproot Saddle,SOAP95,298694,4100859,CADE27,Calocedrus decurrens,0.6
SOAP,Soaproot Saddle,SOAP991,299147.2,4101472.5,CADE27,Calocedrus decurrens,0.7
SOAP,Soaproot Saddle,SOAP187,297528.2,4100558.2,CADE27,Calocedrus decurrens,0.8
SOAP,Soaproot Saddle,SOAP187,297529,4100554,CADE27,Calocedrus decurrens,1.6
SOAP,Soaproot Saddle,SOAP95,298698.3,4100846,CADE27,Calocedrus decurrens,6.1
SOAP,Soaproot Saddle,SOAP187,297529.7,4100552.2,CADE27,Calocedrus decurrens,1.3
SOAP,Soaproot Saddle,SOAP43,297067.8,4100718.5,CADE27,Calocedrus decurrens,2.5
SOAP,Soaproot Saddle,SOAP63,299818.5,4101014.2,CADE27,Calocedrus decurrens,6
SOAP,Soaproot Saddle,SOAP331,297062.6,4100606.5,CADE27,Calocedrus decurrens,4.6
SOAP,Soaproot Saddle,SOAP43,297055.1,4100727.2,CADE27,Calocedrus decurrens,5.9
SOAP,Soaproot Saddle,SOAP187,297533.6,4100554.5,CADE27,Calocedrus decurrens,0.7
SOAP,Soaproot Saddle,SOAP95,298700.3,4100843.8,CADE27,Calocedrus decurrens,1.5
SOAP,Soaproot Saddle,SOAP187,297534.3,4100555.5,CADE27,Calocedrus decurrens,0.5
SOAP,Soaproot Saddle,SOAP331,297054.6,4100599.2,CADE27,Calocedrus decurrens,8.6
SOAP,Soaproot Saddle,SOAP43,297069.1,4100722.5,CADE27,Calocedrus decurrens,0.8
SOAP,Soaproot Saddle,SOAP331,297060.3,4100601.8,CADE27,Calocedrus decurrens,1
SOAP,Soaproot Saddle,SOAP187,297534.2,4100551,CADE27,Calocedrus decurrens,1
SOAP,Soaproot Saddle,SOAP43,297054,4100719,CADE27,Calocedrus decurrens,3
SOAP,Soaproot Saddle,SOAP95,298702.8,4100841.2,CADE27,Calocedrus decurrens,6.7
SOAP,Soaproot Saddle,SOAP187,297535.1,4100555.2,CADE27,Calocedrus decurrens,1.5
SOAP,Soaproot Saddle,SOAP331,297060.1,4100601.2,CADE27,Calocedrus decurrens,1.9
SOAP,Soaproot Saddle,SOAP95,298697.5,4100857,CADE27,Calocedrus decurrens,0.6
SOAP,Soaproot Saddle,SOAP43,297057.4,4100720.8,CADE27,Calocedrus decurrens,17.8
SOAP,Soaproot Saddle,SOAP95,298697.7,4100857.5,CADE27,Calocedrus decurrens,1.3
SOAP,Soaproot Saddle,SOAP63,299815.8,4101014.8,CADE27,Calocedrus decurrens,5
SOAP,Soaproot Saddle,SOAP331,297049,4100606,CADE27,Calocedrus decurrens,13.2
SOAP,Soaproot Saddle,SOAP95,298693.6,4100845.2,CADE27,Calocedrus decurrens,4.3
SOAP,Soaproot Saddle,SOAP95,298688,4100847.8,CADE27,Calocedrus decurrens,0.9
SOAP,Soaproot Saddle,SOAP95,298693.8,4100843.5,CADE27,Calocedrus decurrens,2.2
SOAP,Soaproot Saddle,SOAP95,298694.5,4100842.2,CADE27,Calocedrus decurrens,1.4
SOAP,Soaproot Saddle,SOAP95,298706.3,4100849.8,CADE27,Calocedrus decurrens,3.7
SOAP,Soaproot Saddle,SOAP331,297059.7,4100600.5,CADE27,Calocedrus decurrens,0.8
SOAP,Soaproot Saddle,SOAP95,298700.1,4100843,CADE27,Calocedrus decurrens,8.8
SOAP,Soaproot Saddle,SOAP43,297052.1,4100719,CADE27,Calocedrus decurrens,6
SOAP,Soaproot Saddle,SOAP95,298697,4100858.5,CADE27,Calocedrus decurrens,0.6
SOAP,Soaproot Saddle,SOAP95,298697.1,4100855.5,CADE27,Calocedrus decurrens,1
SOAP,Soaproot Saddle,SOAP95,298703.4,4100849.5,CADE27,Calocedrus decurrens,7.5
SOAP,Soaproot Saddle,SOAP43,297056.2,4100714.2,CADE27,Calocedrus decurrens,1.4
SOAP,Soaproot Saddle,SOAP255,300143.7,4101385.5,CADE27,Calocedrus decurrens,1.3
SOAP,Soaproot Saddle,SOAP95,298712.8,4100853,CADE27,Calocedrus decurrens,2.4
SOAP,Soaproot Saddle,SOAP187,297535,4100555.8,CADE27,Calocedrus decurrens,0.7
SOAP,Soaproot Saddle,SOAP187,297534,4100557,CADE27,Calocedrus decurrens,1
SOAP,Soaproot Saddle,SOAP95,298696.7,4100858,CADE27,Calocedrus decurrens,0.6
SOAP,Soaproot Saddle,SOAP187,297532.9,4100559,CADE27,Calocedrus decurrens,1
SOAP,Soaproot Saddle,SOAP331,297060.8,4100599.8,CADE27,Calocedrus decurrens,0.9
SOAP,Soaproot Saddle,SOAP95,298701.9,4100840,CADE27,Calocedrus decurrens,16.4
SOAP,Soaproot Saddle,SOAP43,297067.8,4100719.8,CADE27,Calocedrus decurrens,3.8
SOAP,Soaproot Saddle,SOAP43,297055.5,4100716.5,CADE27,Calocedrus decurrens,11.9
SOAP,Soaproot Saddle,SOAP43,297068.5,4100722.8,CADE27,Calocedrus decurrens,1.8
SOAP,Soaproot Saddle,SOAP63,299820.9,4101020,CADE27,Calocedrus decurrens,13.8
SOAP,Soaproot Saddle,SOAP331,297043.5,4100601,CADE27,Calocedrus decurrens,6
SOAP,Soaproot Saddle,SOAP43,297054.4,4100715.8,CADE27,Calocedrus decurrens,2.9
SOAP,Soaproot Saddle,SOAP331,297051.7,4100602.2,CADE27,Calocedrus decurrens,13.5
SOAP,Soaproot Saddle,SOAP95,298697.2,4100856.5,CADE27,Calocedrus decurrens,0.7
SOAP,Soaproot Saddle,SOAP95,298694.4,4100842.2,CADE27,Calocedrus decurrens,1.4
SOAP,Soaproot Saddle,SOAP331,297060.7,4100600.5,CADE27,Calocedrus decurrens,2.9
SOAP,Soaproot Saddle,SOAP63,299818.9,4101014.2,CADE27,Calocedrus decurrens,3.1
SOAP,Soaproot Saddle,SOAP43,297067,4100721.5,CADE27,Calocedrus decurrens,4.4
SOAP,Soaproot Saddle,SOAP43,297069.1,4100723,CADE27,Calocedrus decurrens,7.1
SOAP,Soaproot Saddle,SOAP143,299848.7,4100415.2,CAIN3,Ceanothus integerrimus,1
SOAP,Soaproot Saddle,SOAP991,299150.3,4101479,CECU,Ceanothus cuneatus,2.3
SOAP,Soaproot Saddle,SOAP991,299146,4101474.5,CECU,Ceanothus cuneatus,2.5
SOAP,Soaproot Saddle,SOAP1343,299606.7,4100968.2,CECU,Ceanothus cuneatus,3.4
SOAP,Soaproot Saddle,SOAP991,299143.5,4101472.2,CECU,Ceanothus cuneatus,2.4
SOAP,Soaproot Saddle,SOAP991,299138.9,4101479,CECU,Ceanothus cuneatus,1.4
SOAP,Soaproot Saddle,SOAP991,299140.7,4101477.5,CECU,Ceanothus cuneatus,2.2
SOAP,Soaproot Saddle,SOAP1343,299606.9,4100974.2,CECU,Ceanothus cuneatus,2.2
SOAP,Soaproot Saddle,SOAP223,299290.7,4101478,CECU,Ceanothus cuneatus,1.3
SOAP,Soaproot Saddle,SOAP991,299143.4,4101488.5,CECU,Ceanothus cuneatus,2.3
SOAP,Soaproot Saddle,SOAP991,299140.3,4101485.5,CECU,Ceanothus cuneatus,1.4
SOAP,Soaproot Saddle,SOAP991,299152.2,4101483,CECU,Ceanothus cuneatus,1.8
SOAP,Soaproot Saddle,SOAP991,299154.7,4101485.5,CECU,Ceanothus cuneatus,2.6
SOAP,Soaproot Saddle,SOAP991,299145.6,4101477,CECU,Ceanothus cuneatus,2.2
SOAP,Soaproot Saddle,SOAP991,299141,4101487,CECU,Ceanothus cuneatus,1.6
SOAP,Soaproot Saddle,SOAP991,299146.6,4101474.5,CECU,Ceanothus cuneatus,0.9
SOAP,Soaproot Saddle,SOAP991,299143.6,4101478.5,CECU,Ceanothus cuneatus,1.6
SOAP,Soaproot Saddle,SOAP991,299141.9,4101487.2,CECU,Ceanothus cuneatus,1.8
SOAP,Soaproot Saddle,SOAP991,299151,4101482.8,CECU,Ceanothus cuneatus,1.9
SOAP,Soaproot Saddle,SOAP991,299152.2,4101478.2,CECU,Ceanothus cuneatus,2.7
SOAP,Soaproot Saddle,SOAP991,299155.5,4101484.8,CECU,Ceanothus cuneatus,1.8
SOAP,Soaproot Saddle,SOAP991,299142,4101480,CECU,Ceanothus cuneatus,2.1
SOAP,Soaproot Saddle,SOAP991,299141.5,4101482.8,CECU,Ceanothus cuneatus,1.6
SOAP,Soaproot Saddle,SOAP991,299141.8,4101477.8,CECU,Ceanothus cuneatus,1.8
SOAP,Soaproot Saddle,SOAP1343,299596.9,4100978.2,CECU,Ceanothus cuneatus,2
SOAP,Soaproot Saddle,SOAP991,299147.3,4101475.2,CECU,Ceanothus cuneatus,2.4
SOAP,Soaproot Saddle,SOAP991,299154.4,4101480.5,CECU,Ceanothus cuneatus,2
SOAP,Soaproot Saddle,SOAP991,299139.2,4101476.5,CECU,Ceanothus cuneatus,2.2
SOAP,Soaproot Saddle,SOAP991,299151.6,4101482.5,CECU,Ceanothus cuneatus,2.1
SOAP,Soaproot Saddle,SOAP1343,299592,4100980.8,CECU,Ceanothus cuneatus,0.8
SOAP,Soaproot Saddle,SOAP991,299143.6,4101478,CECU,Ceanothus cuneatus,1.3
SOAP,Soaproot Saddle,SOAP991,299149.3,4101478,CECU,Ceanothus cuneatus,2.2
SOAP,Soaproot Saddle,SOAP1343,299594.5,4100979.8,CECU,Ceanothus cuneatus,2.1
SOAP,Soaproot Saddle,SOAP991,299148.2,4101481.2,CECU,Ceanothus cuneatus,2.6
SOAP,Soaproot Saddle,SOAP991,299150.1,4101481.5,CECU,Ceanothus cuneatus,1.9
SOAP,Soaproot Saddle,SOAP991,299154.7,4101482.5,CECU,Ceanothus cuneatus,2.8
SOAP,Soaproot Saddle,SOAP991,299151.4,4101481,CECU,Ceanothus cuneatus,1.8
SOAP,Soaproot Saddle,SOAP1695,299170.7,4100973.5,CECU,Ceanothus cuneatus,1.5
SOAP,Soaproot Saddle,SOAP991,299139.6,4101476.8,CECU,Ceanothus cuneatus,2.4
SOAP,Soaproot Saddle,SOAP991,299145.3,4101479,CECU,Ceanothus cuneatus,0.5
SOAP,Soaproot Saddle,SOAP991,299144.9,4101479.5,CECU,Ceanothus cuneatus,1.3
SOAP,Soaproot Saddle,SOAP223,299297,4101466.8,CECU,Ceanothus cuneatus,2.3
SOAP,Soaproot Saddle,SOAP991,299137.8,4101474.2,CECU,Ceanothus cuneatus,1.5
SOAP,Soaproot Saddle,SOAP991,299145.5,4101481,CECU,Ceanothus cuneatus,2.3
SOAP,Soaproot Saddle,SOAP991,299141.7,4101486.8,CECU,Ceanothus cuneatus,2.5
SOAP,Soaproot Saddle,SOAP991,299140.3,4101484.2,CECU,Ceanothus cuneatus,1.6
SOAP,Soaproot Saddle,SOAP991,299153,4101482,CECU,Ceanothus cuneatus,2
SOAP,Soaproot Saddle,SOAP991,299137.3,4101473.8,CECU,Ceanothus cuneatus,1.5
SOAP,Soaproot Saddle,SOAP991,299156,4101484.2,CECU,Ceanothus cuneatus,0.5
SOAP,Soaproot Saddle,SOAP991,299139.3,4101488.8,CECU,Ceanothus cuneatus,2.1
SOAP,Soaproot Saddle,SOAP143,299847.8,4100416.2,CEIN3,Ceanothus integerrimus,0.9
SOAP,Soaproot Saddle,SOAP139,297046.8,4100099,CEIN3,Ceanothus integerrimus,2.9
SOAP,Soaproot Saddle,SOAP143,299849.6,4100417.5,CEIN3,Ceanothus integerrimus,0.9
SOAP,Soaproot Saddle,SOAP143,299848.5,4100416.5,CEIN3,Ceanothus integerrimus,0.6
SOAP,Soaproot Saddle,SOAP143,299851.6,4100421.8,CEIN3,Ceanothus integerrimus,0.8
SOAP,Soaproot Saddle,SOAP143,299848.1,4100417,CEIN3,Ceanothus integerrimus,0.8
SOAP,Soaproot Saddle,SOAP95,298703.8,4100852.5,CEIN3,Ceanothus integerrimus,0.5
SOAP,Soaproot Saddle,SOAP143,299844.4,4100424.2,CEIN3,Ceanothus integerrimus,0.7
SOAP,Soaproot Saddle,SOAP143,299851.2,4100421.2,CEIN3,Ceanothus integerrimus,0.9
SOAP,Soaproot Saddle,SOAP283,297779.2,4101203.2,CEIN3,Ceanothus integerrimus,2.1
SOAP,Soaproot Saddle,SOAP143,299848.8,4100421,CEIN3,Ceanothus integerrimus,1
SOAP,Soaproot Saddle,SOAP143,299850.9,4100421.2,CEIN3,Ceanothus integerrimus,1
SOAP,Soaproot Saddle,SOAP143,299848.1,4100415.5,CEIN3,Ceanothus integerrimus,1
SOAP,Soaproot Saddle,SOAP143,299847.2,4100416.2,CEIN3,Ceanothus integerrimus,1.3
SOAP,Soaproot Saddle,SOAP143,299848.9,4100416,CEIN3,Ceanothus integerrimus,0.9
SOAP,Soaproot Saddle,SOAP143,299848.1,4100416,CEIN3,Ceanothus integerrimus,0.7
SOAP,Soaproot Saddle,SOAP143,299848.5,4100416.5,CEIN3,Ceanothus integerrimus,0.6
SOAP,Soaproot Saddle,SOAP143,299848.6,4100416,CEIN3,Ceanothus integerrimus,1
SOAP,Soaproot Saddle,SOAP143,299839,4100413.5,CEIN3,Ceanothus integerrimus,0.6
SOAP,Soaproot Saddle,SOAP95,298699.7,4100856,CEIN3,Ceanothus integerrimus,2.9
SOAP,Soaproot Saddle,SOAP143,299851.4,4100421,CEIN3,Ceanothus integerrimus,0.7
SOAP,Soaproot Saddle,SOAP143,299847.1,4100416.5,CEIN3,Ceanothus integerrimus,1.1
SOAP,Soaproot Saddle,SOAP143,299851.2,4100421.8,CEIN3,Ceanothus integerrimus,1.1
SOAP,Soaproot Saddle,SOAP143,299848.5,4100417,CEIN3,Ceanothus integerrimus,1.3
SOAP,Soaproot Saddle,SOAP143,299848.8,4100417,CEIN3,Ceanothus integerrimus,0.7
SOAP,Soaproot Saddle,SOAP95,298708.2,4100840.8,CEIN3,Ceanothus integerrimus,0.6
SOAP,Soaproot Saddle,SOAP95,298708.1,4100842,CEIN3,Ceanothus integerrimus,0.6
SOAP,Soaproot Saddle,SOAP95,298699.5,4100851.2,CEIN3,Ceanothus integerrimus,1.4
SOAP,Soaproot Saddle,SOAP143,299845.7,4100416.8,CEIN3,Ceanothus integerrimus,1
SOAP,Soaproot Saddle,SOAP1515,297510.3,4101264.8,CEIN3,Ceanothus integerrimus,1.8
SOAP,Soaproot Saddle,SOAP143,299837.9,4100421.8,CEIN3,Ceanothus integerrimus,0.8
SOAP,Soaproot Saddle,SOAP143,299846.6,4100415.5,CEIN3,Ceanothus integerrimus,1.2
SOAP,Soaproot Saddle,SOAP143,299847.2,4100415.8,CEIN3,Ceanothus integerrimus,1.4
SOAP,Soaproot Saddle,SOAP143,299853.1,4100419.8,CEIN3,Ceanothus integerrimus,0.6
SOAP,Soaproot Saddle,SOAP143,299844.5,4100425.2,CEIN3,Ceanothus integerrimus,0.7
SOAP,Soaproot Saddle,SOAP143,299842.6,4100424.5,CEIN3,Ceanothus integerrimus,0.8
SOAP,Soaproot Saddle,SOAP143,299851.9,4100421.2,CEIN3,Ceanothus integerrimus,0.7
SOAP,Soaproot Saddle,SOAP143,299841.4,4100421,CEIN3,Ceanothus integerrimus,0.7
SOAP,Soaproot Saddle,SOAP143,299852.7,4100419.5,CEIN3,Ceanothus integerrimus,0.6
SOAP,Soaproot Saddle,SOAP143,299852.5,4100420,CEIN3,Ceanothus integerrimus,0.6
SOAP,Soaproot Saddle,SOAP143,299849.9,4100420.5,CEIN3,Ceanothus integerrimus,0.7
SOAP,Soaproot Saddle,SOAP223,299298.4,4101465.5,CEMOG,Cercocarpus montanus var. glaber,1.3
SOAP,Soaproot Saddle,SOAP991,299153.9,4101481.5,CEMOG,Cercocarpus montanus var. glaber,0.8
SOAP,Soaproot Saddle,SOAP991,299141.6,4101476.5,CEMOG,Cercocarpus montanus var. glaber,1
SOAP,Soaproot Saddle,SOAP991,299142.9,4101472,CEMOG,Cercocarpus montanus var. glaber,1.4
SOAP,Soaproot Saddle,SOAP991,299142,4101475.5,CEMOG,Cercocarpus montanus var. glaber,0.7
SOAP,Soaproot Saddle,SOAP991,299154,4101475.8,CEMOG,Cercocarpus montanus var. glaber,0.8
SOAP,Soaproot Saddle,SOAP991,299136.2,4101473.8,CEMOG,Cercocarpus montanus var. glaber,0.9
SOAP,Soaproot Saddle,SOAP223,299291.8,4101478.8,CEMOG,Cercocarpus montanus var. glaber,2.5
SOAP,Soaproot Saddle,SOAP223,299294.7,4101479.5,CEMOG,Cercocarpus montanus var. glaber,3.2
SOAP,Soaproot Saddle,SOAP991,299155.3,4101479.5,CEMOG,Cercocarpus montanus var. glaber,3.7
SOAP,Soaproot Saddle,SOAP223,299299.4,4101465.5,CEMOG,Cercocarpus montanus var. glaber,2.8
SOAP,Soaproot Saddle,SOAP991,299154.1,4101473.5,CEMOG,Cercocarpus montanus var. glaber,3.3
SOAP,Soaproot Saddle,SOAP223,299293.9,4101475.2,CEMOG,Cercocarpus montanus var. glaber,2
SOAP,Soaproot Saddle,SOAP991,299137.8,4101473.5,CEMOG,Cercocarpus montanus var. glaber,1.6
SOAP,Soaproot Saddle,SOAP991,299152,4101481.5,CEMOG,Cercocarpus montanus var. glaber,3.8
SOAP,Soaproot Saddle,SOAP223,299298.4,4101465.8,CEMOG,Cercocarpus montanus var. glaber,1.6
SOAP,Soaproot Saddle,SOAP991,299150.5,4101481.5,CEMOG,Cercocarpus montanus var. glaber,3.6
SOAP,Soaproot Saddle,SOAP223,299301.3,4101466.5,CEMOG,Cercocarpus montanus var. glaber,2.4
SOAP,Soaproot Saddle,SOAP991,299144.5,4101479,CEMOG,Cercocarpus montanus var. glaber,2.7
SOAP,Soaproot Saddle,SOAP991,299142.7,4101485.8,CEMOG,Cercocarpus montanus var. glaber,3.4
SOAP,Soaproot Saddle,SOAP223,299295.4,4101472.5,CEMOG,Cercocarpus montanus var. glaber,3.3
SOAP,Soaproot Saddle,SOAP223,299297.6,4101468.8,CEMOG,Cercocarpus montanus var. glaber,1.3
SOAP,Soaproot Saddle,SOAP991,299141,4101476.5,CEMOG,Cercocarpus montanus var. glaber,2.3
SOAP,Soaproot Saddle,SOAP223,299296.8,4101470.5,CEMOG,Cercocarpus montanus var. glaber,1.5
SOAP,Soaproot Saddle,SOAP991,299153.7,4101480,CEMOG,Cercocarpus montanus var. glaber,0.7
SOAP,Soaproot Saddle,SOAP187,297526.1,4100560.8,CEMOG,Cercocarpus montanus var. glaber,4
SOAP,Soaproot Saddle,SOAP1343,299603.3,4100964.2,CEMOG,Cercocarpus montanus var. glaber,2.3
SOAP,Soaproot Saddle,SOAP223,299297.7,4101467,CEMOG,Cercocarpus montanus var. glaber,2.6
SOAP,Soaproot Saddle,SOAP223,299292.4,4101479.5,CEMOG,Cercocarpus montanus var. glaber,1
SOAP,Soaproot Saddle,SOAP223,299301.6,4101465.8,CEMOG,Cercocarpus montanus var. glaber,1.4
SOAP,Soaproot Saddle,SOAP991,299139.7,4101473.2,CEMOG,Cercocarpus montanus var. glaber,3.7
SOAP,Soaproot Saddle,SOAP223,299293.7,4101478,CEMOG,Cercocarpus montanus var. glaber,2
SOAP,Soaproot Saddle,SOAP223,299297.3,4101467.5,CEMOG,Cercocarpus montanus var. glaber,0.8
SOAP,Soaproot Saddle,SOAP991,299146.9,4101472,CEMOG,Cercocarpus montanus var. glaber,0.8
SOAP,Soaproot Saddle,SOAP223,299297.4,4101467,CEMOG,Cercocarpus montanus var. glaber,2.8
SOAP,Soaproot Saddle,SOAP1343,299594.3,4100981.2,CEMOG,Cercocarpus montanus var. glaber,1.3
SOAP,Soaproot Saddle,SOAP991,299142.8,4101473,CEMOG,Cercocarpus montanus var. glaber,1.5
SOAP,Soaproot Saddle,SOAP991,299147,4101479.8,CEMOG,Cercocarpus montanus var. glaber,2.1
SOAP,Soaproot Saddle,SOAP991,299146.2,4101477.2,CEMOG,Cercocarpus montanus var. glaber,2.6
SOAP,Soaproot Saddle,SOAP991,299147.3,4101479.2,CEMOG,Cercocarpus montanus var. glaber,-1.6
SOAP,Soaproot Saddle,SOAP43,297054.4,4100731.8,COCO6,Corylus cornuta,2.7
SOAP,Soaproot Saddle,SOAP43,297053.7,4100722,COCO6,Corylus cornuta,2.2
SOAP,Soaproot Saddle,SOAP43,297064.4,4100725.8,COCO6,Corylus cornuta,0.7
SOAP,Soaproot Saddle,SOAP43,297052.8,4100729,PILA,Pinus lambertiana,5.2
SOAP,Soaproot Saddle,SOAP43,297063.9,4100724.8,PILA,Pinus lambertiana,0.8
SOAP,Soaproot Saddle,SOAP95,298710.8,4100852,PILA,Pinus lambertiana,20.1
SOAP,Soaproot Saddle,SOAP139,297056.6,4100090.5,PILA,Pinus lambertiana,19.9
SOAP,Soaproot Saddle,SOAP43,297052,4100732.8,PILA,Pinus lambertiana,40.4
SOAP,Soaproot Saddle,SOAP43,297066.6,4100717.2,PILA,Pinus lambertiana,1.6
SOAP,Soaproot Saddle,SOAP43,297053.2,4100730,PILA,Pinus lambertiana,17.5
SOAP,Soaproot Saddle,SOAP43,297055.7,4100720.2,PILA,Pinus lambertiana,1.4
SOAP,Soaproot Saddle,SOAP139,297049.3,4100091.5,PILA,Pinus lambertiana,49.9
SOAP,Soaproot Saddle,SOAP95,298700.7,4100854,PILA,Pinus lambertiana,0.6
SOAP,Soaproot Saddle,SOAP139,297054.4,4100096.5,PILA,Pinus lambertiana,25.2
SOAP,Soaproot Saddle,SOAP95,298710.4,4100840.8,PILA,Pinus lambertiana,19
SOAP,Soaproot Saddle,SOAP43,297055.9,4100719.8,PILA,Pinus lambertiana,1
SOAP,Soaproot Saddle,SOAP43,297055.3,4100733,PILA,Pinus lambertiana,3.6
SOAP,Soaproot Saddle,SOAP331,297063.7,4100595.8,PILA,Pinus lambertiana,5.3
SOAP,Soaproot Saddle,SOAP43,297066.6,4100714.5,PILA,Pinus lambertiana,1
SOAP,Soaproot Saddle,SOAP331,297055.5,4100598.5,PIPO,Pinus ponderosa,0.8
SOAP,Soaproot Saddle,SOAP255,300146,4101378,PIPO,Pinus ponderosa,1.7
SOAP,Soaproot Saddle,SOAP143,299850.9,4100426,PIPO,Pinus ponderosa,1.6
SOAP,Soaproot Saddle,SOAP255,300140,4101371,PIPO,Pinus ponderosa,44.7
SOAP,Soaproot Saddle,SOAP255,300146.8,4101375.8,PIPO,Pinus ponderosa,4.5
SOAP,Soaproot Saddle,SOAP43,297053,4100728,PIPO,Pinus ponderosa,20.5
SOAP,Soaproot Saddle,SOAP187,297536.1,4100557.2,PIPO,Pinus ponderosa,8.3
SOAP,Soaproot Saddle,SOAP143,299835,4100419,PIPO,Pinus ponderosa,1.2
SOAP,Soaproot Saddle,SOAP255,300142.5,4101376.5,PIPO,Pinus ponderosa,1
SOAP,Soaproot Saddle,SOAP255,300146.2,4101378.2,PIPO,Pinus ponderosa,1.4
SOAP,Soaproot Saddle,SOAP1695,299181.1,4100961.5,PIPO,Pinus ponderosa,17
SOAP,Soaproot Saddle,SOAP255,300145.5,4101378.2,PIPO,Pinus ponderosa,2.3
SOAP,Soaproot Saddle,SOAP299,297489.9,4100689.5,PIPO,Pinus ponderosa,1.8
SOAP,Soaproot Saddle,SOAP255,300152.7,4101381.5,PIPO,Pinus ponderosa,6.5
SOAP,Soaproot Saddle,SOAP63,299812.5,4101014.5,PIPO,Pinus ponderosa,23
SOAP,Soaproot Saddle,SOAP143,299853.3,4100421,PIPO,Pinus ponderosa,1.2
SOAP,Soaproot Saddle,SOAP1695,299185.6,4100973.2,PIPO,Pinus ponderosa,14.3
SOAP,Soaproot Saddle,SOAP139,297059.7,4100088.2,PIPO,Pinus ponderosa,18.2
SOAP,Soaproot Saddle,SOAP63,299802.8,4101019.2,PIPO,Pinus ponderosa,1.2
SOAP,Soaproot Saddle,SOAP299,297490.3,4100687.5,PIPO,Pinus ponderosa,32.2
SOAP,Soaproot Saddle,SOAP143,299844.8,4100419.5,PIPO,Pinus ponderosa,2.8
SOAP,Soaproot Saddle,SOAP63,299809.8,4101032,PIPO,Pinus ponderosa,9.1
SOAP,Soaproot Saddle,SOAP63,299813.5,4101017,PIPO,Pinus ponderosa,9.3
SOAP,Soaproot Saddle,SOAP299,297509.1,4100698.5,PIPO,Pinus ponderosa,21.6
SOAP,Soaproot Saddle,SOAP143,299852,4100424,PIPO,Pinus ponderosa,4.2
SOAP,Soaproot Saddle,SOAP143,299837.6,4100411.2,PIPO,Pinus ponderosa,1
SOAP,Soaproot Saddle,SOAP255,300141.1,4101377,PIPO,Pinus ponderosa,2.5
SOAP,Soaproot Saddle,SOAP143,299850.6,4100426.5,PIPO,Pinus ponderosa,2.6
SOAP,Soaproot Saddle,SOAP331,297058.8,4100590,PIPO,Pinus ponderosa,20.2
SOAP,Soaproot Saddle,SOAP255,300144.6,4101384.2,PIPO,Pinus ponderosa,0
SOAP,Soaproot Saddle,SOAP299,297505.4,4100701,PIPO,Pinus ponderosa,27.9
SOAP,Soaproot Saddle,SOAP255,300144.4,4101375.8,PIPO,Pinus ponderosa,9.3
SOAP,Soaproot Saddle,SOAP63,299819.9,4101032,PIPO,Pinus ponderosa,19
SOAP,Soaproot Saddle,SOAP143,299842.3,4100421.5,PIPO,Pinus ponderosa,0.6
SOAP,Soaproot Saddle,SOAP63,299808.6,4101029.2,PIPO,Pinus ponderosa,18.6
SOAP,Soaproot Saddle,SOAP63,299808.1,4101021.8,PIPO,Pinus ponderosa,20.4
SOAP,Soaproot Saddle,SOAP255,300133.8,4101383,PIPO,Pinus ponderosa,11.3
SOAP,Soaproot Saddle,SOAP255,300149,4101379,PIPO,Pinus ponderosa,4.7
SOAP,Soaproot Saddle,SOAP143,299839,4100420.8,PIPO,Pinus ponderosa,0.8
SOAP,Soaproot Saddle,SOAP255,300140.6,4101387.5,PIPO,Pinus ponderosa,1.6
SOAP,Soaproot Saddle,SOAP143,299837.8,4100411.8,PIPO,Pinus ponderosa,0.7
SOAP,Soaproot Saddle,SOAP143,299837.2,4100421.5,PIPO,Pinus ponderosa,1.1
SOAP,Soaproot Saddle,SOAP63,299806.9,4101018.5,PIPO,Pinus ponderosa,19.5
SOAP,Soaproot Saddle,SOAP143,299839.3,4100418,PIPO,Pinus ponderosa,0.7
SOAP,Soaproot Saddle,SOAP63,299805.1,4101018,PIPO,Pinus ponderosa,18.7
SOAP,Soaproot Saddle,SOAP299,297495.3,4100684.2,PIPO,Pinus ponderosa,30
SOAP,Soaproot Saddle,SOAP143,299850.9,4100424,PIPO,Pinus ponderosa,1.7
SOAP,Soaproot Saddle,SOAP143,299849.5,4100422.5,PIPO,Pinus ponderosa,1
SOAP,Soaproot Saddle,SOAP63,299821.3,4101022.5,PIPO,Pinus ponderosa,15.4
SOAP,Soaproot Saddle,SOAP143,299852,4100422,PIPO,Pinus ponderosa,0.8
SOAP,Soaproot Saddle,SOAP95,298701.6,4100857,PIPO,Pinus ponderosa,27.2
SOAP,Soaproot Saddle,SOAP63,299814.9,4101029,PIPO,Pinus ponderosa,8.2
SOAP,Soaproot Saddle,SOAP143,299837.8,4100421,PIPO,Pinus ponderosa,1
SOAP,Soaproot Saddle,SOAP299,297489.9,4100693,PIPO,Pinus ponderosa,13.6
SOAP,Soaproot Saddle,SOAP255,300142.7,4101378,PIPO,Pinus ponderosa,2.3
SOAP,Soaproot Saddle,SOAP299,297498.3,4100698.2,PIPO,Pinus ponderosa,1.8
SOAP,Soaproot Saddle,SOAP1695,299178.3,4100974,PIPO,Pinus ponderosa,5.7
SOAP,Soaproot Saddle,SOAP143,299837.8,4100411,PIPO,Pinus ponderosa,0.7
SOAP,Soaproot Saddle,SOAP255,300142,4101382,PIPO,Pinus ponderosa,11
SOAP,Soaproot Saddle,SOAP143,299848.2,4100422,PIPO,Pinus ponderosa,1.4
SOAP,Soaproot Saddle,SOAP255,300141.5,4101381,PIPO,Pinus ponderosa,3.8
SOAP,Soaproot Saddle,SOAP331,297055.8,4100593.2,PIPO,Pinus ponderosa,0.6
SOAP,Soaproot Saddle,SOAP255,300137,4101378,PIPO,Pinus ponderosa,11.8
SOAP,Soaproot Saddle,SOAP255,300147.7,4101381.8,PIPO,Pinus ponderosa,1.8
SOAP,Soaproot Saddle,SOAP143,299837.5,4100409,PIPO,Pinus ponderosa,0.9
SOAP,Soaproot Saddle,SOAP299,297499.2,4100690.8,PIPO,Pinus ponderosa,29
SOAP,Soaproot Saddle,SOAP143,299837.4,4100411,PIPO,Pinus ponderosa,0.7
SOAP,Soaproot Saddle,SOAP255,300150.8,4101386.8,PIPO,Pinus ponderosa,1.1
SOAP,Soaproot Saddle,SOAP63,299821.9,4101028,PIPO,Pinus ponderosa,21.2
SOAP,Soaproot Saddle,SOAP143,299836,4100409.2,PIPO,Pinus ponderosa,0.8
SOAP,Soaproot Saddle,SOAP63,299808.4,4101014.5,PIPO,Pinus ponderosa,12.9
SOAP,Soaproot Saddle,SOAP63,299821.1,4101026.2,PIPO,Pinus ponderosa,14
SOAP,Soaproot Saddle,SOAP255,300146.5,4101377.8,PIPO,Pinus ponderosa,2.2
SOAP,Soaproot Saddle,SOAP255,300134.8,4101384,PIPO,Pinus ponderosa,8.3
SOAP,Soaproot Saddle,SOAP255,300137.2,4101372.8,PIPO,Pinus ponderosa,3.9
SOAP,Soaproot Saddle,SOAP63,299822.7,4101030,PIPO,Pinus ponderosa,21.9
SOAP,Soaproot Saddle,SOAP139,297042.2,4100092.5,PIPO,Pinus ponderosa,0.7
SOAP,Soaproot Saddle,SOAP143,299846,4100409,PIPO,Pinus ponderosa,1.2
SOAP,Soaproot Saddle,SOAP143,299837.1,4100409.5,PIPO,Pinus ponderosa,0.5
SOAP,Soaproot Saddle,SOAP255,300149.8,4101377,PIPO,Pinus ponderosa,3.4
SOAP,Soaproot Saddle,SOAP255,300147.5,4101376,PIPO,Pinus ponderosa,5.2
SOAP,Soaproot Saddle,SOAP143,299840.2,4100415.8,PIPO,Pinus ponderosa,0.7
SOAP,Soaproot Saddle,SOAP331,297055.2,4100607.5,PIPO,Pinus ponderosa,1.1
SOAP,Soaproot Saddle,SOAP331,297053.4,4100597.2,PIPO,Pinus ponderosa,0.5
SOAP,Soaproot Saddle,SOAP63,299811.2,4101032.5,PIPO,Pinus ponderosa,1.8
SOAP,Soaproot Saddle,SOAP95,298704.9,4100845.2,PIPO,Pinus ponderosa,10.7
SOAP,Soaproot Saddle,SOAP95,298704,4100845.2,PIPO,Pinus ponderosa,15.7
SOAP,Soaproot Saddle,SOAP63,299810.6,4101029.8,PIPO,Pinus ponderosa,19.5
SOAP,Soaproot Saddle,SOAP255,300152.4,4101380.5,PIPO,Pinus ponderosa,28.7
SOAP,Soaproot Saddle,SOAP143,299851,4100424.5,PIPO,Pinus ponderosa,2.3
SOAP,Soaproot Saddle,SOAP63,299808.5,4101030,PIPO,Pinus ponderosa,27.5
SOAP,Soaproot Saddle,SOAP63,299807.4,4101032,PIPO,Pinus ponderosa,26
SOAP,Soaproot Saddle,SOAP255,300150.7,4101383.2,PIPO,Pinus ponderosa,17.9
SOAP,Soaproot Saddle,SOAP143,299840.7,4100416,PIPO,Pinus ponderosa,1.4
SOAP,Soaproot Saddle,SOAP255,300136.3,4101386,PIPO,Pinus ponderosa,3.5
SOAP,Soaproot Saddle,SOAP63,299816.1,4101031,PIPO,Pinus ponderosa,21.9
SOAP,Soaproot Saddle,SOAP143,299837.7,4100411,PIPO,Pinus ponderosa,1.5
SOAP,Soaproot Saddle,SOAP63,299808.8,4101027,PIPO,Pinus ponderosa,10.3
SOAP,Soaproot Saddle,SOAP255,300151.8,4101370,PIPO,Pinus ponderosa,0.9
SOAP,Soaproot Saddle,SOAP143,299838,4100410.5,PIPO,Pinus ponderosa,0.9
SOAP,Soaproot Saddle,SOAP143,299846.2,4100422.5,PIPO,Pinus ponderosa,1.7
SOAP,Soaproot Saddle,SOAP299,297495.9,4100701.8,PIPO,Pinus ponderosa,1.8
SOAP,Soaproot Saddle,SOAP299,297495.9,4100703,PIPO,Pinus ponderosa,1.6
SOAP,Soaproot Saddle,SOAP143,299849.8,4100422.5,PIPO,Pinus ponderosa,1.2
SOAP,Soaproot Saddle,SOAP143,299849,4100421.2,PIPO,Pinus ponderosa,2
SOAP,Soaproot Saddle,SOAP63,299811,4101021,PIPO,Pinus ponderosa,14.5
SOAP,Soaproot Saddle,SOAP43,297056,4100718,PIPO,Pinus ponderosa,0.5
SOAP,Soaproot Saddle,SOAP255,300146,4101381,PIPO,Pinus ponderosa,12.8
SOAP,Soaproot Saddle,SOAP95,298698,4100847.8,PIPO,Pinus ponderosa,27.2
SOAP,Soaproot Saddle,SOAP95,298695.3,4100846.5,PIPO,Pinus ponderosa,22.9
SOAP,Soaproot Saddle,SOAP95,298695.2,4100846,PIPO,Pinus ponderosa,4.5
SOAP,Soaproot Saddle,SOAP255,300147.7,4101376.5,PIPO,Pinus ponderosa,17.6
SOAP,Soaproot Saddle,SOAP63,299805.9,4101016,PIPO,Pinus ponderosa,12.5
SOAP,Soaproot Saddle,SOAP255,300146.5,4101377.5,PIPO,Pinus ponderosa,2.4
SOAP,Soaproot Saddle,SOAP63,299805.1,4101013.8,PIPO,Pinus ponderosa,14
SOAP,Soaproot Saddle,SOAP143,299844.9,4100415,PIPO,Pinus ponderosa,0.7
SOAP,Soaproot Saddle,SOAP63,299803.4,4101014.5,PIPO,Pinus ponderosa,4
SOAP,Soaproot Saddle,SOAP331,297046.8,4100591,PIPO,Pinus ponderosa,27
SOAP,Soaproot Saddle,SOAP143,299850.8,4100421.5,PIPO,Pinus ponderosa,0.8
SOAP,Soaproot Saddle,SOAP255,300148,4101380,PIPO,Pinus ponderosa,23.7
SOAP,Soaproot Saddle,SOAP255,300145,4101377.5,PIPO,Pinus ponderosa,9.3
SOAP,Soaproot Saddle,SOAP187,297529.8,4100553.2,PIPO,Pinus ponderosa,2.2
SOAP,Soaproot Saddle,SOAP255,300144.7,4101378.2,PIPO,Pinus ponderosa,13.9
SOAP,Soaproot Saddle,SOAP63,299818.2,4101025.5,PIPO,Pinus ponderosa,23.6
SOAP,Soaproot Saddle,SOAP331,297054.3,4100598.5,PIPO,Pinus ponderosa,0.7
SOAP,Soaproot Saddle,SOAP255,300143.1,4101380,PIPO,Pinus ponderosa,1
SOAP,Soaproot Saddle,SOAP255,300151.7,4101368.2,PIPO,Pinus ponderosa,0.7
SOAP,Soaproot Saddle,SOAP95,298704,4100843.8,PIPO,Pinus ponderosa,27.6
SOAP,Soaproot Saddle,SOAP43,297058.3,4100715.5,PIPO,Pinus ponderosa,3
SOAP,Soaproot Saddle,SOAP63,299803.9,4101021.5,PIPO,Pinus ponderosa,18.4
SOAP,Soaproot Saddle,SOAP63,299805.5,4101022.5,PIPO,Pinus ponderosa,20
SOAP,Soaproot Saddle,SOAP255,300151.3,4101381,PIPO,Pinus ponderosa,3.6
SOAP,Soaproot Saddle,SOAP143,299837,4100411,PIPO,Pinus ponderosa,1.4
SOAP,Soaproot Saddle,SOAP63,299814.6,4101029.5,PIPO,Pinus ponderosa,17.4
SOAP,Soaproot Saddle,SOAP63,299813.2,4101015.8,PIPO,Pinus ponderosa,1.8
SOAP,Soaproot Saddle,SOAP95,298707.7,4100842,PIPO,Pinus ponderosa,19.8
SOAP,Soaproot Saddle,SOAP299,297499.6,4100697,PIPO,Pinus ponderosa,33.1
SOAP,Soaproot Saddle,SOAP255,300149.9,4101383,PIPO,Pinus ponderosa,2.4
SOAP,Soaproot Saddle,SOAP255,300149.6,4101381.8,PIPO,Pinus ponderosa,1.9
SOAP,Soaproot Saddle,SOAP63,299806.1,4101015.5,PIPO,Pinus ponderosa,18.6
SOAP,Soaproot Saddle,SOAP63,299817.2,4101023,PIPO,Pinus ponderosa,16.3
SOAP,Soaproot Saddle,SOAP63,299817.6,4101022,PIPO,Pinus ponderosa,30.6
SOAP,Soaproot Saddle,SOAP255,300146.3,4101382.5,PIPO,Pinus ponderosa,1.1
SOAP,Soaproot Saddle,SOAP331,297065.4,4100590,PIPO,Pinus ponderosa,33.5
SOAP,Soaproot Saddle,SOAP95,298707,4100850,PIPO,Pinus ponderosa,4.8
SOAP,Soaproot Saddle,SOAP63,299823.7,4101021.8,PIPO,Pinus ponderosa,31.7
SOAP,Soaproot Saddle,SOAP95,298700.6,4100848.5,PIPO,Pinus ponderosa,10.3
SOAP,Soaproot Saddle,SOAP255,300138.5,4101383.2,PIPO,Pinus ponderosa,2.3
SOAP,Soaproot Saddle,SOAP139,297049.1,4100099.8,PIPO,Pinus ponderosa,3.4
SOAP,Soaproot Saddle,SOAP63,299823,4101019,PIPO,Pinus ponderosa,27.3
SOAP,Soaproot Saddle,SOAP255,300144.1,4101380.5,PIPO,Pinus ponderosa,4.2
SOAP,Soaproot Saddle,SOAP255,300144.9,4101382.5,PIPO,Pinus ponderosa,2.6
SOAP,Soaproot Saddle,SOAP43,297059.1,4100717,PIPO,Pinus ponderosa,51.1
SOAP,Soaproot Saddle,SOAP255,300146.4,4101377,PIPO,Pinus ponderosa,1.4
SOAP,Soaproot Saddle,SOAP63,299804.9,4101015.2,PIPO,Pinus ponderosa,12.6
SOAP,Soaproot Saddle,SOAP95,298710.3,4100854.2,PIPO,Pinus ponderosa,27.8
SOAP,Soaproot Saddle,SOAP63,299817.9,4101015.5,PIPO,Pinus ponderosa,30.8
SOAP,Soaproot Saddle,SOAP143,299846.4,4100409,PIPO,Pinus ponderosa,1.3
SOAP,Soaproot Saddle,SOAP63,299804.9,4101016.5,PIPO,Pinus ponderosa,5
SOAP,Soaproot Saddle,SOAP255,300142.6,4101386.5,PIPO,Pinus ponderosa,6.9
SOAP,Soaproot Saddle,SOAP63,299815,4101014,PIPO,Pinus ponderosa,14.1
SOAP,Soaproot Saddle,SOAP63,299808.1,4101018,PIPO,Pinus ponderosa,29.2
SOAP,Soaproot Saddle,SOAP63,299818.2,4101024.5,PIPO,Pinus ponderosa,23.9
SOAP,Soaproot Saddle,SOAP255,300144.2,4101377.8,PIPO,Pinus ponderosa,11.5
SOAP,Soaproot Saddle,SOAP255,300143.6,4101383,PIPO,Pinus ponderosa,16.6
SOAP,Soaproot Saddle,SOAP187,297533.4,4100541,PIPO,Pinus ponderosa,8.4
SOAP,Soaproot Saddle,SOAP143,299837.7,4100410.5,PIPO,Pinus ponderosa,1
SOAP,Soaproot Saddle,SOAP255,300141.7,4101383,PIPO,Pinus ponderosa,13.6
SOAP,Soaproot Saddle,SOAP43,297067.8,4100723.8,PIPO,Pinus ponderosa,18.7
SOAP,Soaproot Saddle,SOAP63,299803.7,4101020.8,PIPO,Pinus ponderosa,21.7
SOAP,Soaproot Saddle,SOAP95,298701.5,4100853.2,PIPO,Pinus ponderosa,17.5
SOAP,Soaproot Saddle,SOAP95,298703.1,4100842.8,PIPO,Pinus ponderosa,28.1
SOAP,Soaproot Saddle,SOAP95,298706.7,4100856.5,PIPO,Pinus ponderosa,25.7
SOAP,Soaproot Saddle,SOAP63,299824.2,4101032.8,PIPO,Pinus ponderosa,2
SOAP,Soaproot Saddle,SOAP331,297063.1,4100594.2,PIPO,Pinus ponderosa,29.6
SOAP,Soaproot Saddle,SOAP63,299822.3,4101029.2,PIPO,Pinus ponderosa,9.2
SOAP,Soaproot Saddle,SOAP299,297508,4100689,PIPO,Pinus ponderosa,10.4
SOAP,Soaproot Saddle,SOAP1515,297488.7,4101260.2,PIPO,Pinus ponderosa,3.1
SOAP,Soaproot Saddle,SOAP187,297529.5,4100548,PIPO,Pinus ponderosa,46.8
SOAP,Soaproot Saddle,SOAP95,298694.6,4100844.2,PIPO,Pinus ponderosa,3.3
SOAP,Soaproot Saddle,SOAP63,299822.4,4101032.2,PIPO,Pinus ponderosa,1.8
SOAP,Soaproot Saddle,SOAP1695,299175,4100973.8,PIPO,Pinus ponderosa,14.3
SOAP,Soaproot Saddle,SOAP63,299821.8,4101031,PIPO,Pinus ponderosa,18.5
SOAP,Soaproot Saddle,SOAP139,297055.6,4100085.2,PIPO,Pinus ponderosa,15.8
SOAP,Soaproot Saddle,SOAP139,297057,4100084.8,PIPO,Pinus ponderosa,24.7
SOAP,Soaproot Saddle,SOAP255,300134.8,4101383,PIPO,Pinus ponderosa,15.2
SOAP,Soaproot Saddle,SOAP187,297542.3,4100556.8,PIPO,Pinus ponderosa,5
SOAP,Soaproot Saddle,SOAP187,297527.6,4100552,PIPO,Pinus ponderosa,26.9
SOAP,Soaproot Saddle,SOAP1343,299594.3,4100971,PIPO,Pinus ponderosa,6.5
SOAP,Soaproot Saddle,SOAP143,299836.2,4100409,PIPO,Pinus ponderosa,0.7
SOAP,Soaproot Saddle,SOAP43,297058.1,4100715.5,PIPO,Pinus ponderosa,2.7
SOAP,Soaproot Saddle,SOAP139,297041.7,4100095.2,PIPO,Pinus ponderosa,0.9
SOAP,Soaproot Saddle,SOAP63,299823.1,4101024.8,PIPO,Pinus ponderosa,16.5
SOAP,Soaproot Saddle,SOAP331,297045.7,4100599.5,PIPO,Pinus ponderosa,39.2
SOAP,Soaproot Saddle,SOAP63,299814,4101026.2,PIPO,Pinus ponderosa,19.2
SOAP,Soaproot Saddle,SOAP299,297498.2,4100700.5,PIPO,Pinus ponderosa,28.6
SOAP,Soaproot Saddle,SOAP299,297489.8,4100694,PIPO,Pinus ponderosa,28.8
SOAP,Soaproot Saddle,SOAP331,297056,4100593.2,PIPO,Pinus ponderosa,0.9
SOAP,Soaproot Saddle,SOAP63,299807.2,4101018,PIPO,Pinus ponderosa,16.2
SOAP,Soaproot Saddle,SOAP63,299807.3,4101022.5,PIPO,Pinus ponderosa,33
SOAP,Soaproot Saddle,SOAP63,299816.8,4101018.8,PIPO,Pinus ponderosa,23.3
SOAP,Soaproot Saddle,SOAP95,298712.5,4100852.5,PIPO,Pinus ponderosa,27.2
SOAP,Soaproot Saddle,SOAP299,297503.2,4100700.5,PIPO,Pinus ponderosa,31.2
SOAP,Soaproot Saddle,SOAP63,299809.8,4101025,PIPO,Pinus ponderosa,15.4
SOAP,Soaproot Saddle,SOAP299,297490.8,4100696.5,PIPO,Pinus ponderosa,27.3
SOAP,Soaproot Saddle,SOAP187,297537.1,4100543.2,PIPO,Pinus ponderosa,7.8
SOAP,Soaproot Saddle,SOAP187,297539.8,4100541.2,PIPO,Pinus ponderosa,10.2
SOAP,Soaproot Saddle,SOAP95,298701.9,4100848,PIPO,Pinus ponderosa,27.5
SOAP,Soaproot Saddle,SOAP63,299823.7,4101020.5,PIPO,Pinus ponderosa,6
SOAP,Soaproot Saddle,SOAP255,300145.6,4101376.5,PIPO,Pinus ponderosa,17.9
SOAP,Soaproot Saddle,SOAP255,300145.9,4101387.5,PIPO,Pinus ponderosa,4.4
SOAP,Soaproot Saddle,SOAP143,299843.1,4100424,PIPO,Pinus ponderosa,3.2
SOAP,Soaproot Saddle,SOAP95,298708,4100843.5,PIPO,Pinus ponderosa,21.2
SOAP,Soaproot Saddle,SOAP991,299154.5,4101479.2,PREM,Prunus emarginata,1.1
SOAP,Soaproot Saddle,SOAP63,299823.4,4101031,QUCH2,Quercus chrysolepis,3.8
SOAP,Soaproot Saddle,SOAP139,297055.5,4100098.5,QUCH2,Quercus chrysolepis,1.7
SOAP,Soaproot Saddle,SOAP223,299299.6,4101471,QUCH2,Quercus chrysolepis,8.2
SOAP,Soaproot Saddle,SOAP139,297052.6,4100095,QUCH2,Quercus chrysolepis,4.6
SOAP,Soaproot Saddle,SOAP255,300136.9,4101385.8,QUCH2,Quercus chrysolepis,1.2
SOAP,Soaproot Saddle,SOAP299,297492.7,4100702.8,QUCH2,Quercus chrysolepis,2.4
SOAP,Soaproot Saddle,SOAP1695,299174,4100964.8,QUCH2,Quercus chrysolepis,1.7
SOAP,Soaproot Saddle,SOAP63,299815.1,4101027.8,QUCH2,Quercus chrysolepis,0.9
SOAP,Soaproot Saddle,SOAP299,297493.2,4100691.2,QUCH2,Quercus chrysolepis,1
SOAP,Soaproot Saddle,SOAP139,297061.9,4100095.2,QUCH2,Quercus chrysolepis,2.6
SOAP,Soaproot Saddle,SOAP139,297058.7,4100096.5,QUCH2,Quercus chrysolepis,1.7
SOAP,Soaproot Saddle,SOAP95,298711.8,4100853,QUCH2,Quercus chrysolepis,0.6
SOAP,Soaproot Saddle,SOAP223,299296.5,4101470.2,QUCH2,Quercus chrysolepis,1.5
SOAP,Soaproot Saddle,SOAP1695,299171.2,4100968,QUCH2,Quercus chrysolepis,3.6
SOAP,Soaproot Saddle,SOAP331,297057.5,4100605,QUCH2,Quercus chrysolepis,6.5
SOAP,Soaproot Saddle,SOAP255,300148.7,4101377,QUCH2,Quercus chrysolepis,2.3
SOAP,Soaproot Saddle,SOAP1695,299175.3,4100960.2,QUCH2,Quercus chrysolepis,2.2
SOAP,Soaproot Saddle,SOAP223,299296.7,4101469.8,QUCH2,Quercus chrysolepis,4.8
SOAP,Soaproot Saddle,SOAP139,297052.8,4100094.5,QUCH2,Quercus chrysolepis,1.5
SOAP,Soaproot Saddle,SOAP1695,299185.1,4100974,QUCH2,Quercus chrysolepis,1
SOAP,Soaproot Saddle,SOAP139,297055.6,4100086,QUCH2,Quercus chrysolepis,2
SOAP,Soaproot Saddle,SOAP1695,299171.2,4100963.8,QUCH2,Quercus chrysolepis,1.9
SOAP,Soaproot Saddle,SOAP255,300146.7,4101378,QUCH2,Quercus chrysolepis,5.8
SOAP,Soaproot Saddle,SOAP1695,299171.1,4100968,QUCH2,Quercus chrysolepis,0.7
SOAP,Soaproot Saddle,SOAP223,299301.8,4101468,QUCH2,Quercus chrysolepis,0.5
SOAP,Soaproot Saddle,SOAP255,300136.4,4101380.5,QUCH2,Quercus chrysolepis,8.5
SOAP,Soaproot Saddle,SOAP1695,299176,4100959.5,QUCH2,Quercus chrysolepis,1
SOAP,Soaproot Saddle,SOAP1695,299172.3,4100967.8,QUCH2,Quercus chrysolepis,1.6
SOAP,Soaproot Saddle,SOAP1695,299172.3,4100959.8,QUCH2,Quercus chrysolepis,6.4
SOAP,Soaproot Saddle,SOAP1695,299178.2,4100971.8,QUCH2,Quercus chrysolepis,1.4
SOAP,Soaproot Saddle,SOAP139,297034.8,4100089,QUCH2,Quercus chrysolepis,1.8
SOAP,Soaproot Saddle,SOAP95,298696.5,4100856.2,QUCH2,Quercus chrysolepis,0.7
SOAP,Soaproot Saddle,SOAP1695,299175.5,4100965.5,QUCH2,Quercus chrysolepis,1.8
SOAP,Soaproot Saddle,SOAP1695,299176.7,4100967,QUCH2,Quercus chrysolepis,1.8
SOAP,Soaproot Saddle,SOAP95,298708.6,4100857.5,QUCH2,Quercus chrysolepis,0.5
SOAP,Soaproot Saddle,SOAP1695,299160.3,4101025.5,QUCH2,Quercus chrysolepis,9.3
SOAP,Soaproot Saddle,SOAP255,300139.2,4101382.8,QUCH2,Quercus chrysolepis,5
SOAP,Soaproot Saddle,SOAP1695,299174.5,4100964.8,QUCH2,Quercus chrysolepis,5
SOAP,Soaproot Saddle,SOAP255,300153.1,4101375,QUCH2,Quercus chrysolepis,4.7
SOAP,Soaproot Saddle,SOAP1695,299177,4100968,QUCH2,Quercus chrysolepis,3.9
SOAP,Soaproot Saddle,SOAP139,297059.6,4100086.5,QUCH2,Quercus chrysolepis,2.1
SOAP,Soaproot Saddle,SOAP1695,299171.6,4100967.5,QUCH2,Quercus chrysolepis,2.9
SOAP,Soaproot Saddle,SOAP223,299303.1,4101466.5,QUCH2,Quercus chrysolepis,1.3
SOAP,Soaproot Saddle,SOAP255,300151.1,4101373.5,QUCH2,Quercus chrysolepis,1.6
SOAP,Soaproot Saddle,SOAP1695,299179.1,4100964.5,QUCH2,Quercus chrysolepis,7.8
SOAP,Soaproot Saddle,SOAP63,299823,4101026.5,QUCH2,Quercus chrysolepis,1.7
SOAP,Soaproot Saddle,SOAP223,299299.2,4101467.5,QUCH2,Quercus chrysolepis,6.9
SOAP,Soaproot Saddle,SOAP255,300152.7,4101367.5,QUCH2,Quercus chrysolepis,1
SOAP,Soaproot Saddle,SOAP63,299822.4,4101031,QUCH2,Quercus chrysolepis,1.2
SOAP,Soaproot Saddle,SOAP139,297052.3,4100094.8,QUCH2,Quercus chrysolepis,4.3
SOAP,Soaproot Saddle,SOAP139,297052,4100095.2,QUCH2,Quercus chrysolepis,1.3
SOAP,Soaproot Saddle,SOAP223,299298,4101468.2,QUCH2,Quercus chrysolepis,4.6
SOAP,Soaproot Saddle,SOAP223,299302.2,4101469.5,QUCH2,Quercus chrysolepis,2.4
SOAP,Soaproot Saddle,SOAP1695,299174.3,4100968.5,QUCH2,Quercus chrysolepis,2.7
SOAP,Soaproot Saddle,SOAP255,300146.3,4101369.5,QUCH2,Quercus chrysolepis,1.4
SOAP,Soaproot Saddle,SOAP95,298701.4,4100855.2,QUCH2,Quercus chrysolepis,0.8
SOAP,Soaproot Saddle,SOAP139,297052.1,4100099,QUCH2,Quercus chrysolepis,2.9
SOAP,Soaproot Saddle,SOAP63,299816.9,4101026.5,QUCH2,Quercus chrysolepis,0.7
SOAP,Soaproot Saddle,SOAP331,297057.5,4100599,QUCH2,Quercus chrysolepis,2.2
SOAP,Soaproot Saddle,SOAP139,297051.9,4100096.5,QUCH2,Quercus chrysolepis,8.2
SOAP,Soaproot Saddle,SOAP223,299295.7,4101478,QUCH2,Quercus chrysolepis,5.5
SOAP,Soaproot Saddle,SOAP1695,299176,4100967,QUCH2,Quercus chrysolepis,4.8
SOAP,Soaproot Saddle,SOAP95,298704.6,4100858.8,QUCH2,Quercus chrysolepis,1.8
SOAP,Soaproot Saddle,SOAP1695,299176.1,4100959,QUCH2,Quercus chrysolepis,5.7
SOAP,Soaproot Saddle,SOAP1695,299176.6,4100970.2,QUCH2,Quercus chrysolepis,3.9
SOAP,Soaproot Saddle,SOAP63,299803.9,4101018.2,QUCH2,Quercus chrysolepis,1.4
SOAP,Soaproot Saddle,SOAP1695,299173.5,4100960.8,QUCH2,Quercus chrysolepis,1.3
SOAP,Soaproot Saddle,SOAP1695,299176.1,4100970.5,QUCH2,Quercus chrysolepis,1
SOAP,Soaproot Saddle,SOAP1695,299178.1,4100968,QUCH2,Quercus chrysolepis,1.7
SOAP,Soaproot Saddle,SOAP1695,299176.4,4100970,QUCH2,Quercus chrysolepis,1.1
SOAP,Soaproot Saddle,SOAP255,300151.8,4101385.5,QUCH2,Quercus chrysolepis,2
SOAP,Soaproot Saddle,SOAP1695,299174.5,4100957.5,QUCH2,Quercus chrysolepis,4.4
SOAP,Soaproot Saddle,SOAP223,299298.4,4101467,QUCH2,Quercus chrysolepis,1.4
SOAP,Soaproot Saddle,SOAP1695,299173.8,4100962,QUCH2,Quercus chrysolepis,5
SOAP,Soaproot Saddle,SOAP255,300137.2,4101383.2,QUCH2,Quercus chrysolepis,8.9
SOAP,Soaproot Saddle,SOAP1695,299177,4100972.2,QUCH2,Quercus chrysolepis,9.4
SOAP,Soaproot Saddle,SOAP331,297061.5,4100604.5,QUCH2,Quercus chrysolepis,3.8
SOAP,Soaproot Saddle,SOAP63,299808.8,4101029.5,QUCH2,Quercus chrysolepis,1.9
SOAP,Soaproot Saddle,SOAP299,297495,4100686.2,QUCH2,Quercus chrysolepis,1.6
SOAP,Soaproot Saddle,SOAP255,300153.2,4101369.2,QUCH2,Quercus chrysolepis,1
SOAP,Soaproot Saddle,SOAP1695,299173.7,4100964.5,QUCH2,Quercus chrysolepis,2.8
SOAP,Soaproot Saddle,SOAP255,300143.1,4101386.2,QUCH2,Quercus chrysolepis,2.2
SOAP,Soaproot Saddle,SOAP1695,299172.1,4100960,QUCH2,Quercus chrysolepis,6.4
SOAP,Soaproot Saddle,SOAP1695,299171.6,4100967.5,QUCH2,Quercus chrysolepis,1.3
SOAP,Soaproot Saddle,SOAP331,297053.9,4100596.8,QUCH2,Quercus chrysolepis,0.8
SOAP,Soaproot Saddle,SOAP1695,299175.6,4100968.2,QUCH2,Quercus chrysolepis,4.5
SOAP,Soaproot Saddle,SOAP1695,299171.6,4100958.8,QUCH2,Quercus chrysolepis,3.6
SOAP,Soaproot Saddle,SOAP223,299302.9,4101469,QUCH2,Quercus chrysolepis,2.5
SOAP,Soaproot Saddle,SOAP139,297052.6,4100096.5,QUCH2,Quercus chrysolepis,4.6
SOAP,Soaproot Saddle,SOAP1515,297514.7,4101249.5,QUCH2,Quercus chrysolepis,0.6
SOAP,Soaproot Saddle,SOAP139,297052.2,4100095.8,QUCH2,Quercus chrysolepis,4.2
SOAP,Soaproot Saddle,SOAP223,299300.2,4101470,QUCH2,Quercus chrysolepis,7.2
SOAP,Soaproot Saddle,SOAP63,299813.6,4101025.5,QUCH2,Quercus chrysolepis,0.9
SOAP,Soaproot Saddle,SOAP95,298699.2,4100856,QUCH2,Quercus chrysolepis,2.3
SOAP,Soaproot Saddle,SOAP283,297779.8,4101206.5,QUCH2,Quercus chrysolepis,0.9
SOAP,Soaproot Saddle,SOAP1695,299172.5,4100960.2,QUCH2,Quercus chrysolepis,2.5
SOAP,Soaproot Saddle,SOAP1695,299175.9,4100970,QUCH2,Quercus chrysolepis,3.3
SOAP,Soaproot Saddle,SOAP331,297059.4,4100603.2,QUCH2,Quercus chrysolepis,2.4
SOAP,Soaproot Saddle,SOAP255,300144.8,4101371.2,QUCH2,Quercus chrysolepis,0.8
SOAP,Soaproot Saddle,SOAP223,299299.9,4101468.2,QUCH2,Quercus chrysolepis,0.7
SOAP,Soaproot Saddle,SOAP139,297052.8,4100098.8,QUCH2,Quercus chrysolepis,2.3
SOAP,Soaproot Saddle,SOAP1695,299179.3,4100971.5,QUCH2,Quercus chrysolepis,0.7
SOAP,Soaproot Saddle,SOAP139,297050.5,4100096.5,QUCH2,Quercus chrysolepis,5.9
SOAP,Soaproot Saddle,SOAP1695,299178.1,4100970,QUCH2,Quercus chrysolepis,4
SOAP,Soaproot Saddle,SOAP1695,299173.9,4100972.8,QUCH2,Quercus chrysolepis,1.1
SOAP,Soaproot Saddle,SOAP1695,299177.1,4100972.2,QUCH2,Quercus chrysolepis,1.4
SOAP,Soaproot Saddle,SOAP1695,299185,4100973,QUCH2,Quercus chrysolepis,5.8
SOAP,Soaproot Saddle,SOAP95,298709.5,4100856.5,QUCH2,Quercus chrysolepis,1.3
SOAP,Soaproot Saddle,SOAP139,297058.5,4100086.2,QUCH2,Quercus chrysolepis,2.2
SOAP,Soaproot Saddle,SOAP187,297530.9,4100555.2,QUCH2,Quercus chrysolepis,1.5
SOAP,Soaproot Saddle,SOAP95,298708.7,4100852,QUCH2,Quercus chrysolepis,0.8
SOAP,Soaproot Saddle,SOAP1695,299171.1,4100973.5,QUCH2,Quercus chrysolepis,2.1
SOAP,Soaproot Saddle,SOAP283,297782.7,4101198.5,QUCH2,Quercus chrysolepis,1.3
SOAP,Soaproot Saddle,SOAP1695,299178.8,4100972.5,QUCH2,Quercus chrysolepis,0.8
SOAP,Soaproot Saddle,SOAP1695,299179.3,4100971.8,QUCH2,Quercus chrysolepis,7.8
SOAP,Soaproot Saddle,SOAP95,298705.9,4100852.8,QUCH2,Quercus chrysolepis,0.6
SOAP,Soaproot Saddle,SOAP187,297533.6,4100559,QUCH2,Quercus chrysolepis,2
SOAP,Soaproot Saddle,SOAP1695,299173.1,4100960.2,QUCH2,Quercus chrysolepis,1.5
SOAP,Soaproot Saddle,SOAP223,299295.9,4101478.8,QUCH2,Quercus chrysolepis,7.8
SOAP,Soaproot Saddle,SOAP1695,299173.4,4100966,QUCH2,Quercus chrysolepis,5.9
SOAP,Soaproot Saddle,SOAP95,298704.7,4100841.5,QUCH2,Quercus chrysolepis,0.5
SOAP,Soaproot Saddle,SOAP95,298695.4,4100854,QUCH2,Quercus chrysolepis,0.7
SOAP,Soaproot Saddle,SOAP63,299815.2,4101018.5,QUCH2,Quercus chrysolepis,1.5
SOAP,Soaproot Saddle,SOAP299,297499.6,4100684.2,QUCH2,Quercus chrysolepis,1.7
SOAP,Soaproot Saddle,SOAP283,297781.4,4101201.5,QUCH2,Quercus chrysolepis,0.6
SOAP,Soaproot Saddle,SOAP95,298693.9,4100852.5,QUCH2,Quercus chrysolepis,0.7
SOAP,Soaproot Saddle,SOAP1695,299175.8,4100972,QUCH2,Quercus chrysolepis,1.3
SOAP,Soaproot Saddle,SOAP95,298706.4,4100844.2,QUCH2,Quercus chrysolepis,0.7
SOAP,Soaproot Saddle,SOAP1695,299182.9,4100957.8,QUCH2,Quercus chrysolepis,2.2
SOAP,Soaproot Saddle,SOAP95,298705.3,4100853.2,QUCH2,Quercus chrysolepis,0.6
SOAP,Soaproot Saddle,SOAP1695,299182.8,4100957.5,QUCH2,Quercus chrysolepis,2.1
SOAP,Soaproot Saddle,SOAP95,298707.5,4100849,QUCH2,Quercus chrysolepis,0.8
SOAP,Soaproot Saddle,SOAP95,298699.3,4100856.5,QUCH2,Quercus chrysolepis,0.7
SOAP,Soaproot Saddle,SOAP255,300144.9,4101385.8,QUCH2,Quercus chrysolepis,0.6
SOAP,Soaproot Saddle,SOAP63,299820.7,4101023.8,QUCH2,Quercus chrysolepis,1.3
SOAP,Soaproot Saddle,SOAP95,298699.9,4100856.5,QUCH2,Quercus chrysolepis,1
SOAP,Soaproot Saddle,SOAP139,297055.9,4100090.5,QUCH2,Quercus chrysolepis,1.4
SOAP,Soaproot Saddle,SOAP331,297061.5,4100600.8,QUCH2,Quercus chrysolepis,2
SOAP,Soaproot Saddle,SOAP139,297055.2,4100090.5,QUCH2,Quercus chrysolepis,1.4
SOAP,Soaproot Saddle,SOAP1695,299178.5,4100973,QUCH2,Quercus chrysolepis,5.4
SOAP,Soaproot Saddle,SOAP1695,299182.7,4100957.5,QUCH2,Quercus chrysolepis,3.8
SOAP,Soaproot Saddle,SOAP223,299297.9,4101467.8,QUGA4,Quercus garryana,1.6
SOAP,Soaproot Saddle,SOAP991,299137.6,4101471.5,QUGA4,Quercus garryana,2.6
SOAP,Soaproot Saddle,SOAP1343,299605.5,4100963.5,QUGA4,Quercus garryana,1
SOAP,Soaproot Saddle,SOAP43,297057.5,4100721,QUKE,Quercus kelloggii,1.3
SOAP,Soaproot Saddle,SOAP331,297055.3,4100596,QUKE,Quercus kelloggii,0.5
SOAP,Soaproot Saddle,SOAP63,299812.8,4101027.5,QUKE,Quercus kelloggii,0.6
SOAP,Soaproot Saddle,SOAP63,299809.1,4101030.5,QUKE,Quercus kelloggii,0.6
SOAP,Soaproot Saddle,SOAP331,297050,4100603,QUKE,Quercus kelloggii,0.7
SOAP,Soaproot Saddle,SOAP139,297049.8,4100100.8,QUKE,Quercus kelloggii,0.9
SOAP,Soaproot Saddle,SOAP255,300149.2,4101371,QUKE,Quercus kelloggii,1.3
SOAP,Soaproot Saddle,SOAP63,299817.6,4101025.5,QUKE,Quercus kelloggii,0.6
SOAP,Soaproot Saddle,SOAP43,297050.2,4100731.8,QUKE,Quercus kelloggii,1.4
SOAP,Soaproot Saddle,SOAP43,297058.9,4100728.8,QUKE,Quercus kelloggii,0.8
SOAP,Soaproot Saddle,SOAP1343,299606.1,4100963,QUKE,Quercus kelloggii,1.9
SOAP,Soaproot Saddle,SOAP43,297058,4100726.8,QUKE,Quercus kelloggii,0.8
SOAP,Soaproot Saddle,SOAP63,299812.3,4101027,QUKE,Quercus kelloggii,0.9
SOAP,Soaproot Saddle,SOAP63,299823.1,4101029,QUKE,Quercus kelloggii,0.8
SOAP,Soaproot Saddle,SOAP43,297052.1,4100732,QUKE,Quercus kelloggii,0.9
SOAP,Soaproot Saddle,SOAP255,300138.7,4101369.8,QUKE,Quercus kelloggii,10.8
SOAP,Soaproot Saddle,SOAP43,297054.5,4100720,QUKE,Quercus kelloggii,1.9
SOAP,Soaproot Saddle,SOAP63,299809.6,4101023.8,QUKE,Quercus kelloggii,1
SOAP,Soaproot Saddle,SOAP331,297048.9,4100608,QUKE,Quercus kelloggii,1.5
SOAP,Soaproot Saddle,SOAP331,297063.7,4100602.5,QUKE,Quercus kelloggii,0.6
SOAP,Soaproot Saddle,SOAP331,297063.9,4100603.8,QUKE,Quercus kelloggii,0.6
SOAP,Soaproot Saddle,SOAP63,299819.3,4101030,QUKE,Quercus kelloggii,6.1
SOAP,Soaproot Saddle,SOAP187,297526.1,4100550.5,QUKE,Quercus kelloggii,1.5
SOAP,Soaproot Saddle,SOAP63,299812.9,4101027.2,QUKE,Quercus kelloggii,0.8
SOAP,Soaproot Saddle,SOAP63,299803.7,4101020.5,QUKE,Quercus kelloggii,0.8
SOAP,Soaproot Saddle,SOAP63,299812.6,4101030,QUKE,Quercus kelloggii,0.9
SOAP,Soaproot Saddle,SOAP95,298704.3,4100854.8,QUKE,Quercus kelloggii,0.5
SOAP,Soaproot Saddle,SOAP63,299809.2,4101025.2,QUKE,Quercus kelloggii,0.8
SOAP,Soaproot Saddle,SOAP63,299815,4101017.8,QUKE,Quercus kelloggii,0.7
SOAP,Soaproot Saddle,SOAP331,297057.9,4100602,QUKE,Quercus kelloggii,1.1
SOAP,Soaproot Saddle,SOAP255,300150.4,4101373.8,QUKE,Quercus kelloggii,0.5
SOAP,Soaproot Saddle,SOAP255,300137.6,4101385.5,QUKE,Quercus kelloggii,18
SOAP,Soaproot Saddle,SOAP331,297056.7,4100601,QUKE,Quercus kelloggii,0.6
SOAP,Soaproot Saddle,SOAP331,297056.5,4100608,QUKE,Quercus kelloggii,0.7
SOAP,Soaproot Saddle,SOAP331,297059,4100602,QUKE,Quercus kelloggii,1
SOAP,Soaproot Saddle,SOAP63,299806.6,4101031.2,QUKE,Quercus kelloggii,0.8
SOAP,Soaproot Saddle,SOAP43,297052.8,4100726.5,QUKE,Quercus kelloggii,1.6
SOAP,Soaproot Saddle,SOAP331,297059.5,4100603,QUKE,Quercus kelloggii,0.6
SOAP,Soaproot Saddle,SOAP223,299301.5,4101466.8,QUKE,Quercus kelloggii,0.5
SOAP,Soaproot Saddle,SOAP63,299810,4101025.2,QUKE,Quercus kelloggii,1
SOAP,Soaproot Saddle,SOAP255,300146.5,4101385.2,QUKE,Quercus kelloggii,0.9
SOAP,Soaproot Saddle,SOAP255,300135.4,4101382.5,QUKE,Quercus kelloggii,0.6
SOAP,Soaproot Saddle,SOAP63,299812.4,4101027.2,QUKE,Quercus kelloggii,0.7
SOAP,Soaproot Saddle,SOAP255,300139.2,4101381,QUKE,Quercus kelloggii,0.7
SOAP,Soaproot Saddle,SOAP139,297056.2,4100088,QUKE,Quercus kelloggii,1
SOAP,Soaproot Saddle,SOAP331,297047.9,4100600,QUKE,Quercus kelloggii,0.6
SOAP,Soaproot Saddle,SOAP143,299840.4,4100409.2,QUKE,Quercus kelloggii,13.8
SOAP,Soaproot Saddle,SOAP187,297529.7,4100553.8,QUKE,Quercus kelloggii,17.3
SOAP,Soaproot Saddle,SOAP43,297057.9,4100719.8,QUKE,Quercus kelloggii,3
SOAP,Soaproot Saddle,SOAP95,298709.5,4100848.5,QUKE,Quercus kelloggii,19.8
SOAP,Soaproot Saddle,SOAP331,297056,4100600.8,QUKE,Quercus kelloggii,0.6
SOAP,Soaproot Saddle,SOAP331,297055.3,4100601.5,QUKE,Quercus kelloggii,0.6
SOAP,Soaproot Saddle,SOAP331,297063.3,4100604.2,QUKE,Quercus kelloggii,0.7
SOAP,Soaproot Saddle,SOAP255,300144.5,4101387,QUKE,Quercus kelloggii,1.4
SOAP,Soaproot Saddle,SOAP331,297054.7,4100602.5,QUKE,Quercus kelloggii,0.8
SOAP,Soaproot Saddle,SOAP331,297050.8,4100602.8,QUKE,Quercus kelloggii,1.2
SOAP,Soaproot Saddle,SOAP255,300145,4101369,QUKE,Quercus kelloggii,0.5
SOAP,Soaproot Saddle,SOAP331,297057.6,4100598.5,QUKE,Quercus kelloggii,1.2
SOAP,Soaproot Saddle,SOAP331,297059.4,4100608,QUKE,Quercus kelloggii,0.5
SOAP,Soaproot Saddle,SOAP331,297050.5,4100606.5,QUKE,Quercus kelloggii,0.7
SOAP,Soaproot Saddle,SOAP331,297054.6,4100602.5,QUKE,Quercus kelloggii,0.7
SOAP,Soaproot Saddle,SOAP331,297050.9,4100606.8,QUKE,Quercus kelloggii,0.9
SOAP,Soaproot Saddle,SOAP43,297057.5,4100720,QUKE,Quercus kelloggii,1.3
SOAP,Soaproot Saddle,SOAP331,297047.7,4100603.5,QUKE,Quercus kelloggii,0.8
SOAP,Soaproot Saddle,SOAP331,297059.9,4100603.2,QUKE,Quercus kelloggii,1.3
SOAP,Soaproot Saddle,SOAP1695,299173.8,4100964.5,RHIL,Rhamnus ilicifolia,1.2
SOAP,Soaproot Saddle,SOAP1695,299174.1,4100964.5,RHIL,Rhamnus ilicifolia,0.7
SOAP,Soaproot Saddle,SOAP1695,299182.5,4100958.2,RHIL,Rhamnus ilicifolia,0.6
SOAP,Soaproot Saddle,SOAP1695,299175.3,4100960.2,RHIL,Rhamnus ilicifolia,0.6
SOAP,Soaproot Saddle,SOAP1695,299171,4100964.2,RHIL,Rhamnus ilicifolia,0.6
SOAP,Soaproot Saddle,SOAP1695,299183,4100958,RHIL,Rhamnus ilicifolia,0.9
SOAP,Soaproot Saddle,SOAP1695,299174.5,4100966.2,RHIL,Rhamnus ilicifolia,0.8
SOAP,Soaproot Saddle,SOAP1695,299171.7,4100963.8,RHIL,Rhamnus ilicifolia,0.9
SOAP,Soaproot Saddle,SOAP1695,299174.6,4100965,RHIL,Rhamnus ilicifolia,0.9
SOAP,Soaproot Saddle,SOAP1695,299174,4100964.5,RHIL,Rhamnus ilicifolia,0.8
SOAP,Soaproot Saddle,SOAP1695,299175.3,4100964.2,RHIL,Rhamnus ilicifolia,1.3
SOAP,Soaproot Saddle,SOAP1695,299174.6,4100965,RHIL,Rhamnus ilicifolia,0.7
SOAP,Soaproot Saddle,SOAP1695,299174,4100966,RIRO,Ribes roezlii,1.4
SOAP,Soaproot Saddle,SOAP139,297040.1,4100092.8,RIRO,Ribes roezlii,0.8
SOAP,Soaproot Saddle,SOAP139,297039.1,4100088,RIRO,Ribes roezlii,0.8
SOAP,Soaproot Saddle,SOAP143,299839.7,4100416.8,RIRO,Ribes roezlii,0.9
SOAP,Soaproot Saddle,SOAP1695,299174.8,4100965,RIRO,Ribes roezlii,1.3
SOAP,Soaproot Saddle,SOAP43,297058.8,4100724.8,RIRO,Ribes roezlii,1
SOAP,Soaproot Saddle,SOAP223,299297.8,4101470.2,RIRO,Ribes roezlii,1.1
SOAP,Soaproot Saddle,SOAP43,297061.4,4100726,RIRO,Ribes roezlii,0.8
SOAP,Soaproot Saddle,SOAP139,297054.7,4100086.2,RIRO,Ribes roezlii,1.5
SOAP,Soaproot Saddle,SOAP1695,299175.1,4100965.5,RIRO,Ribes roezlii,1.8
SOAP,Soaproot Saddle,SOAP139,297046.2,4100101.2,RIRO,Ribes roezlii,1
SOAP,Soaproot Saddle,SOAP187,297530.5,4100549.5,RIRO,Ribes roezlii,1.3
SOAP,Soaproot Saddle,SOAP143,299849.4,4100427.8,RIRO,Ribes roezlii,1
SOAP,Soaproot Saddle,SOAP43,297060.4,4100721.8,RIRO,Ribes roezlii,0.9
SOAP,Soaproot Saddle,SOAP143,299849,4100426.8,RIRO,Ribes roezlii,1
SOAP,Soaproot Saddle,SOAP1343,299588.2,4100964.5,RIRO,Ribes roezlii,1
SOAP,Soaproot Saddle,SOAP139,297039.1,4100088,RIRO,Ribes roezlii,0.9
SOAP,Soaproot Saddle,SOAP991,299149.5,4101473,RIRO,Ribes roezlii,1.1
SOAP,Soaproot Saddle,SOAP143,299849,4100426,RIRO,Ribes roezlii,0.8